timestamp,open,high,low,close,adjusted close,volume,dividend amount
2025-11-26,299.1800,307.1800,297.0600,303.2100,303.2100,11072408,0.0000
2025-11-21,305.5900,306.0000,288.0700,297.4400,297.4400,23675512,0.0000
2025-11-14,306.8200,324.9000,297.5900,305.6900,305.6900,22302392,1.6800
2025-11-07,308.0000,315.4400,296.0000,306.3800,304.7239,27157777,0.0000
2025-10-31,307.8000,319.3500,301.6300,307.4100,305.7484,32440643,0.0000
2025-10-24,281.2500,310.7500,263.5623,307.4600,305.7981,51704434,0.0000
2025-10-17,279.7900,285.4500,272.5469,281.2800,279.7596,19005226,0.0000
2025-10-10,288.6100,301.0425,277.5000,277.8200,276.3183,24789984,0.0000
2025-10-03,286.0000,293.3200,279.6600,288.3700,286.8113,24519701,0.0000
2025-09-26,266.6200,288.8500,266.0000,284.3100,282.7732,34154715,0.0000
2025-09-19,254.0200,267.8700,254.0000,266.4000,264.9600,25569601,0.0000
2025-09-12,248.6300,260.6600,247.0200,253.4400,252.0701,24066143,0.0000
2025-09-05,240.9000,249.2800,238.2500,248.5300,247.1866,14538355,0.0000
2025-08-29,242.5650,245.9600,239.4300,243.4900,242.1739,18386656,0.0000
2025-08-22,239.5700,243.6800,238.6500,242.0900,240.7814,16264747,0.0000
2025-08-15,242.2400,243.1500,233.3600,239.7200,238.4243,32747166,0.0000
2025-08-08,251.0500,255.0000,241.6500,242.2700,240.9605,27875384,1.6800
2025-08-01,260.3000,265.7999,245.6100,250.0500,246.9857,29960567,0.0000
2025-07-25,286.2900,288.0800,252.7500,259.7200,256.5372,46388289,0.0000
2025-07-18,282.8300,287.1600,279.8700,285.8700,282.3668,16341671,0.0000
2025-07-11,292.5000,295.6100,282.2100,283.5900,280.1147,17664449,0.0000
2025-07-03,290.9300,295.1081,286.9000,291.9700,288.3920,11878987,0.0000
2025-06-27,281.6500,296.1600,280.2100,289.7000,286.1498,19051199,0.0000
2025-06-20,279.3050,286.9100,277.2000,280.9700,277.5268,17965949,0.0000
2025-06-13,268.1000,283.0600,266.7100,277.2200,273.8228,20812836,0.0000
2025-06-06,257.8500,270.1700,257.2200,268.8700,265.5751,13070565,0.0000
2025-05-30,261.0000,265.0000,256.7700,259.0600,255.8853,17566804,0.0000
2025-05-23,265.4500,269.2800,255.7900,258.6300,255.4606,15204641,0.0000
2025-05-16,252.5000,267.9800,244.6500,266.7600,263.4909,20440246,0.0000
2025-05-09,243.7400,256.5200,243.6400,249.2000,246.1461,16977083,1.6800
2025-05-02,232.8600,245.6900,232.0700,245.5500,240.9167,20198202,0.0000
2025-04-25,238.0650,249.3400,224.4401,232.4100,228.0246,39218052,0.0000
2025-04-17,239.7700,243.2999,235.8900,238.8100,234.3039,16190928,0.0000
2025-04-11,219.2400,237.5800,214.5000,235.4800,231.0367,31932696,0.0000
2025-04-04,242.7400,252.7900,226.8800,227.4800,223.1877,28005665,0.0000
2025-03-28,247.3100,254.3200,242.0700,244.0000,239.3960,18354282,0.0000
2025-03-21,249.2500,254.6300,237.2240,243.8700,239.2684,27866866,0.0000
2025-03-14,261.5600,266.4500,241.6800,248.3500,243.6639,25513710,0.0000
2025-03-07,254.7350,261.9600,245.1823,261.5400,256.6050,22284160,0.0000
2025-02-28,261.5000,263.8450,246.5400,252.4400,247.6767,25541761,0.0000
2025-02-21,261.9300,265.0900,259.8300,261.4800,256.5461,18534169,0.0000
2025-02-14,250.8600,261.9400,246.8700,261.2800,256.3499,19898073,1.6700
2025-02-07,252.4000,265.7200,251.8400,252.3400,245.9310,30149848,0.0000
2025-01-31,222.1900,261.8000,219.8400,255.7000,249.2056,39048997,0.0000
2025-01-24,224.9900,227.4500,220.3500,224.8000,219.0904,15594637,0.0000
2025-01-17,217.8900,225.9550,214.6100,224.7900,219.0807,18990367,0.0000
2025-01-10,223.0000,226.7110,216.8000,219.7500,214.1687,12337094,0.0000
2025-01-03,220.5400,223.6600,217.6000,222.6500,216.9950,10819153,0.0000
2024-12-27,222.8100,225.4000,221.0800,222.7800,217.1217,9272351,0.0000
2024-12-20,230.7300,231.0300,220.0300,223.3600,217.6870,28267440,0.0000
2024-12-13,238.0000,239.3500,227.8000,230.8200,224.9575,20886084,0.0000
2024-12-06,227.5000,238.3800,225.5100,238.0400,231.9942,18743737,0.0000
2024-11-29,223.3500,230.3600,222.6500,227.4100,221.6341,17274177,0.0000
2024-11-22,207.0000,227.2000,205.3701,222.9700,217.3069,21386866,0.0000
2024-11-15,214.4000,215.4100,204.0700,204.9900,199.7836,19438346,1.6700
2024-11-08,207.6500,216.7000,205.5700,213.7200,206.6551,15846890,0.0000
2024-11-01,215.5000,216.2500,203.5100,208.2500,201.3660,26467891,0.0000
2024-10-25,231.2100,233.3400,214.3850,214.6700,207.5737,31380820,0.0000
2024-10-18,233.5700,237.3700,230.1700,232.2000,224.5243,18477394,0.0000
2024-10-11,225.3800,235.8300,225.0200,233.2600,225.5492,18398213,0.0000
2024-10-04,220.6500,226.0800,215.7980,226.0000,218.5292,17778630,0.0000
2024-09-27,218.0000,224.1500,217.2700,220.8400,213.5398,16300165,0.0000
2024-09-20,215.8800,218.8400,210.3700,217.7000,210.5036,28532770,0.0000
2024-09-13,201.9400,216.0900,201.4300,214.7900,207.6898,21518747,0.0000
2024-09-06,201.9100,205.9500,199.3350,200.7400,194.1042,13519865,0.0000
2024-08-30,196.0000,202.1700,195.9000,202.1300,195.4483,15570283,0.0000
2024-08-23,193.8400,197.9200,193.7150,196.1000,189.6176,11022549,0.0000
2024-08-16,191.2500,194.3500,189.0001,193.7800,187.3743,11330854,0.0000
2024-08-09,184.5500,192.8800,181.8100,191.4500,185.1213,18895865,1.6700
2024-08-02,193.1800,194.5499,185.7000,189.1200,181.2870,20594367,0.0000
2024-07-26,183.4000,196.2600,182.8600,191.7500,183.8081,25458498,0.0000
2024-07-19,183.3800,189.4700,181.9500,183.2500,175.6601,17829469,0.0000
2024-07-12,176.4100,184.1600,174.4500,182.8300,175.2575,16071235,0.0000
2024-07-05,173.4500,177.9800,173.3800,176.0200,168.7296,9939255,0.0000
2024-06-28,175.0000,178.4599,170.4100,172.9500,165.7867,18850478,0.0000
2024-06-21,168.7600,174.9600,167.5000,172.4600,165.3170,21531360,0.0000
2024-06-14,169.5500,172.4700,166.8100,169.2100,162.2016,16222067,0.0000
2024-06-07,166.5400,171.3050,163.5300,170.0100,162.9685,14102396,0.0000
2024-05-31,170.4400,171.0850,163.8400,166.8500,159.9394,15594186,0.0000
2024-05-24,169.0000,175.4600,168.3800,170.8900,163.8120,18410125,0.0000
2024-05-17,167.5000,169.6300,166.4800,169.0300,162.0291,15933303,0.0000
2024-05-10,166.5000,170.2600,165.8800,167.1500,160.2269,17421523,1.6700
2024-05-03,167.4000,168.2200,162.6200,165.7100,157.2670,22536194,0.0000
2024-04-26,182.4500,184.6800,165.6600,167.1300,158.6147,42329269,0.0000
2024-04-19,185.5700,187.4800,180.1700,181.5800,172.3284,16929550,0.0000
2024-04-12,189.2400,191.2500,181.6850,182.2700,172.9833,14955313,0.0000
2024-04-05,190.0000,193.2800,187.3400,189.1400,179.5032,12808073,0.0000
2024-03-28,190.2600,191.9299,188.5000,190.9600,181.2305,15383298,0.0000
2024-03-22,191.7000,193.9800,190.0100,190.8400,181.1166,23968505,0.0000
2024-03-15,195.0900,199.1800,190.7000,191.0700,181.3349,27466323,0.0000
2024-03-08,187.7600,198.7300,187.6000,195.9500,185.9663,29085296,0.0000
2024-03-01,185.6000,188.3800,182.6200,188.2000,178.6111,21955379,0.0000
2024-02-23,187.6400,188.7700,178.7500,185.7200,176.2575,17487852,0.0000
2024-02-16,185.9000,188.9500,182.2600,187.6400,178.0797,21745006,0.0000
2024-02-09,185.5100,187.1800,181.4900,186.3400,176.8459,22784812,1.6600
2024-02-02,187.4600,189.4600,182.7100,185.7900,174.7505,28283876,0.0000
2024-01-26,172.8200,196.9000,172.4000,187.4200,176.2836,56232762,0.0000
2024-01-19,165.8000,171.5791,165.0400,171.4800,161.2908,19864308,0.0000
2024-01-12,158.6900,165.9800,157.8850,165.8000,155.9483,17643392,0.0000
2024-01-05,162.8300,163.2900,158.6700,159.1600,149.7028,14822074,0.0000
2023-12-29,162.2300,164.1800,162.0500,163.5500,153.8319,9376537,0.0000
2023-12-22,162.2300,163.3300,159.5300,162.1400,152.5057,17686398,0.0000
2023-12-15,162.6800,166.3400,160.1490,162.2300,152.5904,33504550,0.0000
2023-12-08,160.2900,162.7900,159.9700,161.9600,152.3364,21918957,0.0000
2023-12-01,154.9900,160.5900,154.7500,160.5500,151.0102,21900644,0.0000
2023-11-24,152.5100,155.7050,152.3500,155.1800,145.9593,11362696,0.0000
2023-11-17,148.4600,153.5000,147.3500,152.8900,143.8054,19547595,0.0000
2023-11-10,147.8900,149.6800,145.2800,149.0200,140.1653,18357944,1.6600
2023-11-03,143.1900,148.4450,142.5800,147.9000,137.5545,22959464,0.0000
2023-10-27,136.6300,144.7000,135.8700,142.5200,132.5508,30227448,0.0000
2023-10-20,139.2800,140.6200,136.3100,137.1600,127.5658,21044049,0.0000
2023-10-13,142.3000,143.4150,138.2700,138.4600,128.7748,16386334,0.0000
2023-10-06,140.0400,142.9400,139.8600,142.0300,132.0951,15932918,0.0000
2023-09-29,146.5700,147.4300,139.6100,140.3000,130.4861,23445425,0.0000
2023-09-22,145.7700,151.9299,144.6600,146.9100,136.6337,23597168,0.0000
2023-09-15,148.5700,148.7800,145.5300,145.9900,135.7781,19316647,0.0000
2023-09-08,147.9100,149.0000,147.1200,147.6800,137.3499,13719451,0.0000
2023-09-01,145.4100,148.1000,145.2100,147.9400,137.5917,15198607,0.0000
2023-08-25,141.4200,145.4700,141.1100,145.3500,135.1829,15614989,0.0000
2023-08-18,143.0500,143.3650,139.7600,141.4100,131.5185,18826007,0.0000
2023-08-11,145.0000,146.5000,142.2050,143.1200,133.1089,19428470,1.6600
2023-08-04,143.8100,146.0900,142.1700,144.2400,132.6057,24072830,0.0000
2023-07-28,139.3500,143.9500,138.7788,143.4500,131.8794,24310886,0.0000
2023-07-21,133.2600,140.3200,133.1000,138.9400,127.7332,29295540,0.0000
2023-07-14,131.7600,135.3300,131.6950,133.4000,122.6400,15109770,0.0000
2023-07-07,133.4200,134.3500,131.5500,132.0800,121.4265,10923840,0.0000
2023-06-30,129.3900,135.0300,129.3100,133.8100,123.0169,18695850,0.0000
2023-06-23,136.3600,137.2300,129.1800,129.4300,118.9902,27111509,0.0000
2023-06-16,136.0000,139.4690,135.8216,137.4800,126.3909,24228597,0.0000
2023-06-09,133.1200,136.1000,131.8800,135.3000,124.3868,21174178,0.0000
2023-06-02,129.5600,133.1200,127.4600,132.4200,121.7391,24339245,0.0000
2023-05-26,127.5000,129.6600,125.0100,128.8900,118.4938,21029979,0.0000
2023-05-19,123.0000,128.2900,122.3400,127.2600,116.9953,18284524,0.0000
2023-05-12,123.7600,123.9200,120.5500,122.8400,112.9318,20404364,1.6600
2023-05-05,126.3500,126.7500,121.7563,123.6500,112.1402,21164660,0.0000
2023-04-28,125.5500,127.2500,124.5600,126.4100,114.6432,20644224,0.0000
2023-04-21,128.3000,130.9800,125.2700,125.7300,114.0265,30341128,0.0000
2023-04-14,129.8300,131.1050,126.0000,128.1400,116.2122,19506500,0.0000
2023-04-06,130.9700,132.6100,130.3150,130.5000,118.3525,13172262,0.0000
2023-03-31,126.4700,131.4800,126.4700,131.0900,118.8876,20779522,0.0000
2023-03-24,124.3100,127.2150,122.6000,125.2900,113.6275,20458253,0.0000
2023-03-17,125.1500,128.1900,121.7100,123.6900,112.1764,66132690,0.0000
2023-03-10,129.6400,130.8600,125.1300,125.4500,113.7726,20761401,0.0000
2023-03-03,131.4200,131.8700,127.7100,129.6400,117.5726,17865677,0.0000
2023-02-24,134.0000,134.3850,128.8600,130.5700,118.4160,14198950,0.0000
2023-02-17,136.0000,137.3900,133.8900,135.0200,122.4518,16543870,0.0000
2023-02-10,135.8300,136.7400,133.3400,135.6000,122.9778,22140989,1.6500
2023-02-03,134.3200,136.9500,132.8000,136.9400,122.6796,27874571,0.0000
2023-01-27,141.4000,142.9850,132.9800,134.3900,120.3952,43345140,0.0000
2023-01-20,146.4200,147.1800,139.7500,141.2000,126.4960,21419368,0.0000
2023-01-13,144.0800,146.6600,142.9000,145.8900,130.6976,14580596,0.0000
2023-01-06,141.1000,144.2500,140.0100,143.7000,128.7357,13648755,0.0000
2022-12-30,141.7300,142.8100,139.4500,140.8900,126.2183,10477419,0.0000
2022-12-23,140.1600,143.0900,137.1950,141.6500,126.8992,19663576,0.0000
2022-12-16,147.8200,153.2100,138.9700,140.1600,125.5643,33572382,0.0000
2022-12-09,147.9400,149.1530,146.2900,147.0500,131.7368,15316930,0.0000
2022-12-02,147.9800,150.0100,145.6700,148.6700,133.1881,20066941,0.0000
2022-11-25,147.5500,150.4600,146.4500,148.3700,132.9194,16271883,0.0000
2022-11-18,142.6300,148.3100,142.0000,147.6400,132.2654,22034930,0.0000
2022-11-11,136.6400,144.1300,136.5100,143.1700,128.2609,25066114,1.6500
2022-11-04,138.0600,140.1700,133.9700,136.9600,121.2415,22491556,0.0000
2022-10-28,130.9000,138.8615,129.8500,138.5100,122.6136,26667185,0.0000
2022-10-21,121.8000,130.8450,121.4300,129.9000,114.9917,37309868,0.0000
2022-10-14,119.7900,122.5400,115.5450,120.0400,106.2633,22973512,0.0000
2022-10-07,120.1600,126.4600,118.0700,118.8200,105.1834,21614952,0.0000
2022-09-30,122.3000,124.2600,118.6100,118.8100,105.1745,22265241,0.0000
2022-09-23,126.4900,128.0600,121.7400,122.7100,108.6269,19442664,0.0000
2022-09-16,130.3300,130.9900,123.8300,127.2700,112.6636,27107187,0.0000
2022-09-09,127.8000,129.4900,126.2800,129.1900,114.3632,12004834,0.0000
2022-09-02,129.9900,131.4200,127.2400,127.7900,113.1239,15086608,0.0000
2022-08-26,137.6500,137.8500,130.3400,130.3800,115.4167,16982107,0.0000
2022-08-19,132.9600,139.3400,132.2400,138.3700,122.4897,17105977,0.0000
2022-08-12,133.1000,134.0900,129.1200,134.0100,118.6301,17254110,1.6500
2022-08-05,130.7500,132.8620,130.5100,132.4800,115.7999,17400572,0.0000
2022-07-29,128.4400,131.0000,127.5800,130.7900,114.3226,22223785,0.0000
2022-07-22,140.1500,140.3100,125.1300,128.2500,112.1024,66246811,0.0000
2022-07-15,140.6200,141.8700,135.0200,139.9200,122.3031,21089228,0.0000
2022-07-08,139.9700,141.3250,135.2700,140.4700,122.7839,16229131,0.0000
2022-07-01,142.2600,144.1550,139.2600,141.1200,123.3520,21052787,0.0000
2022-06-24,135.9000,142.3700,135.9000,142.0600,124.1737,23921844,0.0000
2022-06-17,133.9700,138.4500,132.8500,135.0200,118.0201,34055621,0.0000
2022-06-10,142.9800,144.7300,135.2500,136.1900,119.0427,18914084,0.0000
2022-06-03,138.2000,142.5794,136.8100,141.1800,123.4045,19861566,0.0000
2022-05-27,129.5000,139.7394,129.4200,139.2700,121.7350,19618090,0.0000
2022-05-20,133.1000,138.3700,125.8000,128.4800,112.3035,27360441,0.0000
2022-05-13,134.4100,136.3450,128.4300,133.6000,116.7788,31171489,1.6500
2022-05-06,133.0000,137.9900,130.8900,137.6700,118.8774,27079586,0.0000
2022-04-29,137.5900,139.8700,132.0000,132.2100,114.1627,24560464,0.0000
2022-04-22,126.6000,141.8800,125.5300,138.2500,119.3782,47056765,0.0000
2022-04-14,127.9500,130.5800,124.9100,126.5600,109.2840,15342641,0.0000
2022-04-08,130.2600,131.2300,126.7300,127.7300,110.2943,16553021,0.0000
2022-04-01,130.8200,133.0800,128.0600,130.1500,112.3839,19183786,0.0000
2022-03-25,129.0000,131.4000,127.4000,131.3500,113.4201,15440952,0.0000
2022-03-18,124.4500,128.9300,122.6850,128.7600,111.1837,22675632,0.0000
2022-03-11,126.4700,128.3450,123.1250,123.9600,107.0389,23784887,0.0000
2022-03-04,122.2100,127.3500,120.7000,126.6200,109.3358,26131658,0.0000
2022-02-25,124.2000,125.0000,118.8100,124.1800,107.2289,20417161,0.0000
2022-02-18,132.5900,132.6500,123.6100,124.3500,107.3756,26022824,0.0000
2022-02-11,137.4500,138.3500,132.3800,132.6900,114.5772,23489144,1.6400
2022-02-04,134.0900,138.8200,132.3000,137.1500,116.9914,27665550,0.0000
2022-01-28,127.9900,137.3361,124.1930,134.5000,114.7309,52800401,0.0000
2022-01-21,132.9500,133.9000,129.2700,129.3500,110.3379,20520487,0.0000
2022-01-14,134.4700,136.2000,127.9700,134.2100,114.4835,32044685,0.0000
2022-01-07,134.0700,142.2000,132.5100,134.8300,115.0124,36013766,0.0000
2021-12-31,130.6300,134.9900,129.9500,133.6600,114.0144,18454937,0.0000
2021-12-23,125.7200,130.9600,124.7000,130.6300,111.4297,17369625,0.0000
2021-12-17,123.7600,128.6400,120.7900,127.4000,108.6745,35216850,0.0000
2021-12-10,119.4000,125.3300,119.4000,124.0900,105.8510,25031512,0.0000
2021-12-03,118.6200,119.6100,116.4500,118.8400,101.3726,36059651,0.0000
2021-11-26,116.0000,118.8100,114.5600,115.8100,98.7880,17875027,0.0000
2021-11-19,119.5400,120.1600,115.2700,116.0500,98.9927,24272797,0.0000
2021-11-12,123.9850,124.7800,118.7800,118.9600,101.4750,29109912,1.6400
2021-11-05,125.0500,127.2900,119.9000,123.6100,104.0298,29791780,0.0000
2021-10-29,127.5300,128.6500,124.6200,125.1000,100.6537,34288134,0.0000
2021-10-22,144.0000,144.9400,126.6110,127.8800,102.8905,59731582,0.0000
2021-10-15,143.5000,144.8500,139.6600,144.6100,116.3512,16262687,0.0000
2021-10-08,142.7400,146.0000,140.8900,143.2200,115.2328,27211291,0.0000
2021-10-01,137.9600,143.9700,136.4400,143.3200,115.3133,23824191,0.0000
2021-09-24,133.9000,138.4800,132.7800,137.4900,110.6225,18425230,0.0000
2021-09-17,138.4000,138.9900,135.0500,135.2300,108.8042,20130213,0.0000
2021-09-10,139.6500,139.7900,137.0000,137.0200,110.2444,13754250,0.0000
2021-09-03,139.5000,140.9400,138.8150,139.5800,112.3041,13345045,0.0000
2021-08-27,139.6200,140.8000,138.4000,139.4100,112.1673,12376600,0.0000
2021-08-20,143.2300,143.7400,137.2100,139.1100,111.9260,16189007,0.0000
2021-08-13,142.2000,143.5800,140.3400,143.1800,115.2006,18462255,1.6400
2021-08-06,141.4500,144.7000,141.0300,144.0900,114.6022,16428567,0.0000
2021-07-30,141.3900,143.6400,140.7900,140.9600,112.1127,16120616,0.0000
2021-07-23,136.4500,144.9200,136.2089,141.3400,112.4150,34786264,0.0000
2021-07-16,141.4300,141.9599,138.5900,138.9000,110.4743,18659679,0.0000
2021-07-09,139.9900,141.9800,137.1000,141.5200,112.5581,21544898,0.0000
2021-07-02,147.0100,147.5000,139.4600,140.0200,111.3651,29077036,0.0000
2021-06-25,144.1100,147.0700,144.0600,146.8400,116.7894,17129373,0.0000
2021-06-18,150.7100,151.0300,143.0400,143.1200,113.8307,23177438,0.0000
2021-06-11,147.5500,152.8400,147.1700,151.2800,120.3208,22042806,0.0000
2021-06-04,145.0000,147.5500,143.7500,147.4200,117.2507,12453017,0.0000
2021-05-28,145.0600,145.3900,143.0400,143.7400,114.3238,18483838,0.0000
2021-05-21,144.4400,145.8000,140.9200,144.7400,115.1192,20546126,0.0000
2021-05-14,145.8000,148.3800,141.1400,144.6800,115.0715,27415665,0.0000
2021-05-07,143.8100,148.5150,143.5500,145.4600,115.6918,31590796,1.6400
2021-04-30,142.4200,148.7400,140.5500,141.8800,111.5864,25588990,0.0000
2021-04-23,133.6000,144.7400,132.5800,142.4300,112.0189,47246234,0.0000
2021-04-16,135.0200,135.3700,130.3800,133.5900,105.0664,26831249,0.0000
2021-04-09,133.6400,136.6900,133.4000,135.7300,106.7495,19179860,0.0000
2021-04-01,135.9800,137.0700,132.2700,133.2300,104.7833,18432506,0.0000
2021-03-26,128.5000,136.4800,127.8900,136.3800,107.2607,23647858,0.0000
2021-03-19,127.7700,130.9950,127.3400,128.9000,101.3778,28046462,0.0000
2021-03-12,122.9900,128.6400,122.8800,127.6100,100.3633,29253064,0.0000
2021-03-05,120.3500,123.7500,118.7550,122.8300,96.6039,32662092,0.0000
2021-02-26,118.5000,124.3500,118.4400,118.9300,93.5366,30731807,0.0000
2021-02-19,120.1500,120.9400,118.3800,118.9900,93.5838,22567552,0.0000
2021-02-12,122.6200,123.9767,120.0900,120.8000,95.0073,24634263,1.6300
2021-02-05,119.9000,121.8100,118.1200,121.7900,94.5240,28405606,0.0000
2021-01-29,118.7624,124.7900,117.4500,119.1100,92.4440,56437187,0.0000
2021-01-22,129.2800,132.2400,117.3600,118.6100,92.0560,61879427,0.0000
2021-01-15,127.9500,130.1600,126.4550,128.3900,99.6465,29417959,0.0000
2021-01-08,125.8500,131.8800,123.0400,128.5300,99.7551,28434389,0.0000
2020-12-31,125.1000,126.6000,123.2400,125.8800,97.6984,14025419,0.0000
2020-12-24,123.9700,125.2100,121.7200,124.6900,96.7748,14908439,0.0000
2020-12-18,125.3200,126.5728,123.4400,125.8500,97.6751,25280527,0.0000
2020-12-11,126.4900,127.6900,123.6100,124.2700,96.4488,29511629,0.0000
2020-12-04,124.1000,127.3800,122.4100,127.2000,98.7229,24848983,0.0000
2020-11-27,117.4300,125.3130,117.2700,124.3500,96.5109,19418148,0.0000
2020-11-20,118.3000,118.8800,115.8900,116.9400,90.7598,22498909,0.0000
2020-11-13,117.8800,119.7400,113.4800,116.8500,90.6900,30088820,1.6300
2020-11-06,112.6500,115.6500,111.1600,114.0400,87.2777,25467232,0.0000
2020-10-30,114.4500,114.9000,105.9200,111.6600,85.4562,37250916,0.0000
2020-10-23,126.8000,127.3500,112.9800,116.0000,88.7777,50486636,0.0000
2020-10-16,128.0700,128.2500,123.8500,125.9300,96.3774,21874963,0.0000
2020-10-09,121.8400,135.5000,121.0500,127.7900,97.8009,43381507,0.0000
2020-10-02,120.5700,123.3000,118.8200,120.5700,92.2753,15038264,0.0000
2020-09-25,120.4800,121.5900,116.4800,118.9500,91.0354,18708494,0.0000
2020-09-18,122.3600,125.8200,121.7600,122.7600,93.9513,18909398,0.0000
2020-09-11,122.1600,123.7000,120.2400,121.4600,92.9564,16507866,0.0000
2020-09-04,125.2500,129.9500,121.2400,122.3000,93.5993,26310920,0.0000
2020-08-28,123.7900,126.8200,123.3600,125.0700,95.7192,16959794,0.0000
2020-08-21,125.2500,125.5900,122.3100,123.1600,94.2575,15908978,0.0000
2020-08-14,125.4200,130.4700,123.9100,125.2700,95.8723,18634659,0.0000
2020-08-07,123.5000,126.7500,122.1500,124.9600,95.6351,17701697,1.6300
2020-07-31,124.8600,126.3400,121.0900,122.9400,92.8776,20010578,0.0000
2020-07-24,126.0700,132.1700,125.1400,125.7900,95.0307,41040414,0.0000
2020-07-17,119.7800,125.6300,117.9200,125.1100,94.5170,21958911,0.0000
2020-07-10,121.2500,121.8500,115.2000,118.3500,89.4100,22560031,0.0000
2020-07-02,117.9800,121.4200,117.3700,119.7000,90.4299,16478700,0.0000
2020-06-26,122.1200,122.9000,115.8800,117.1900,88.5336,35016186,0.0000
2020-06-19,119.1900,127.5000,118.2900,122.4700,92.5225,24867689,0.0000
2020-06-12,132.2700,135.8800,117.8400,121.9100,92.0994,33456639,0.0000
2020-06-05,124.6400,134.2300,124.0300,132.0600,99.7675,19514867,0.0000
2020-05-29,121.3000,126.9700,121.0100,124.9000,94.3583,23037728,0.0000
2020-05-22,119.8800,122.4700,117.5900,118.3900,89.4402,19484187,0.0000
2020-05-15,121.8100,124.3200,111.8100,116.9800,88.3750,24229073,0.0000
2020-05-08,120.8200,124.3200,119.3900,122.9900,92.9154,21189890,1.6300
2020-05-01,125.5600,129.3100,121.3900,121.8700,90.8477,26502989,0.0000
2020-04-24,119.1500,125.0000,112.0600,124.7200,92.9723,41252209,0.0000
2020-04-17,121.6300,125.1800,114.4200,120.1200,89.5432,27240371,0.0000
2020-04-09,110.3500,122.9200,110.1300,121.5000,90.5719,23351117,0.0000
2020-04-03,108.0900,113.8100,104.5200,106.3400,79.2709,28882211,0.0000
2020-03-27,94.6000,113.1500,90.5600,108.0300,80.5307,39907532,0.0000
2020-03-20,98.0000,107.4100,94.7100,95.3900,71.1083,47138046,0.0000
2020-03-13,120.1600,124.8800,100.8100,107.9500,80.4711,55580046,0.0000
2020-03-06,130.7500,136.1000,124.5200,127.7300,95.2161,35054761,0.0000
2020-02-28,145.5100,148.0500,126.3600,130.1500,97.0200,38480655,0.0000
2020-02-21,149.7900,151.8900,148.8400,149.8400,111.6979,12493166,0.0000
2020-02-14,152.9700,155.6000,149.7700,150.7000,112.3390,23423757,0.0000
2020-02-07,144.2500,158.7500,143.9000,153.4100,114.3592,43694755,1.6200
2020-01-31,138.5000,144.0500,134.9700,143.7300,106.0236,34661511,0.0000
2020-01-24,137.8100,145.7900,137.6000,140.5600,103.6852,34829367,0.0000
2020-01-17,135.4800,138.3300,135.0700,138.3100,102.0255,20831539,0.0000
2020-01-10,133.4200,137.8700,133.2000,136.6900,100.8305,17020619,0.0000
2020-01-03,135.2000,135.9200,132.4000,134.3400,99.0970,13418364,0.0000
2019-12-27,135.7800,136.1500,134.6100,135.2700,99.7830,8887084,0.0000
2019-12-20,134.9400,136.4200,133.4600,135.5900,100.0191,20036502,0.0000
2019-12-13,133.3500,135.6600,133.2600,134.2100,99.0011,17504239,0.0000
2019-12-06,134.4500,134.5000,130.6900,133.2200,98.2708,17337693,0.0000
2019-11-29,134.4700,136.1500,133.0300,134.4500,99.1782,11502959,0.0000
2019-11-22,134.3000,135.3800,132.7500,134.3400,99.0970,16963107,0.0000
2019-11-15,137.2000,137.2000,133.3300,134.4000,99.1413,16169172,0.0000
2019-11-08,136.2400,139.1400,136.1600,137.6100,101.5092,17174941,1.6200
2019-11-01,136.0000,136.6300,133.2000,135.5300,98.8122,16136475,0.0000
2019-10-25,132.6100,135.9300,130.9000,135.4400,98.7466,19388201,0.0000
2019-10-18,142.3100,143.7200,132.2500,134.0900,97.7624,34208011,0.0000
2019-10-11,142.2600,144.5000,138.2500,142.7600,104.0835,14096608,0.0000
2019-10-04,143.7300,147.3500,139.1800,142.9900,104.2512,15911420,0.0000
2019-09-27,141.1900,145.0900,140.5600,143.2400,104.4335,12376163,0.0000
2019-09-20,142.5600,145.0300,140.5100,141.8800,103.4419,15262993,0.0000
2019-09-13,140.5900,145.4600,140.4600,143.6700,104.7470,17776693,0.0000
2019-09-06,134.8500,141.7000,133.3300,140.5700,102.4868,12663912,0.0000
2019-08-30,131.0500,136.0700,129.1600,135.5300,98.8122,16211916,0.0000
2019-08-23,134.8800,136.3300,128.8300,129.5700,94.4669,16504912,0.0000
2019-08-16,135.6600,136.5700,130.2500,133.7600,97.5218,20933133,0.0000
2019-08-09,144.9800,145.1000,135.3500,136.1300,99.2497,28623442,1.6200
2019-08-02,151.1100,152.9500,145.5900,147.2500,106.1299,22876887,0.0000
2019-07-26,150.1600,151.9400,148.3800,151.3600,109.0921,16794485,0.0000
2019-07-19,142.8900,151.5800,141.9500,149.6800,107.8813,31893327,0.0000
2019-07-12,141.0500,142.9200,139.1300,142.7400,102.8793,13194248,0.0000
2019-07-05,139.6000,141.8200,139.2800,141.3800,101.8991,9862722,0.0000
2019-06-28,139.2000,140.1500,137.8400,137.9000,99.3909,15575818,0.0000
2019-06-21,135.3900,139.5400,134.7000,139.2000,100.3279,15851123,0.0000
2019-06-14,134.3800,136.4600,133.9100,135.1500,97.4088,13722199,0.0000
2019-06-07,127.1000,134.7200,127.0600,133.3100,96.0827,16193845,0.0000
2019-05-31,132.1300,132.6400,126.8500,126.9900,91.5275,14869322,0.0000
2019-05-24,133.5300,137.0600,130.4400,132.2800,95.3403,15557532,0.0000
2019-05-17,133.2800,136.1100,130.9600,134.3200,96.8106,16426011,0.0000
2019-05-10,138.3000,140.6900,132.4200,135.3200,97.5314,19509963,1.6200
2019-05-03,139.1500,141.8100,138.6800,140.2500,99.8890,16772230,0.0000
2019-04-26,139.4200,141.3100,137.7100,139.4400,99.3121,16961387,0.0000
2019-04-18,144.4000,145.3900,136.2600,140.3300,99.9460,27390537,0.0000
2019-04-12,143.0200,144.4400,141.8400,144.3500,102.8091,13675882,0.0000
2019-04-05,141.5100,144.2200,141.5100,143.2800,102.0470,14574262,0.0000
2019-03-29,139.0600,141.2200,138.3500,141.1000,100.4944,14257045,0.0000
2019-03-22,139.8300,142.1200,138.7200,139.4500,99.3192,17883337,0.0000
2019-03-15,136.0300,140.3300,135.8400,139.4300,99.3050,20959826,0.0000
2019-03-08,139.9900,140.0800,133.5800,135.0900,96.2139,18558647,0.0000
2019-03-01,140.0000,140.4900,137.7200,139.2000,99.1412,15273342,0.0000
2019-02-22,137.8100,139.3800,137.2200,139.2500,99.1768,13238819,0.0000
2019-02-15,134.2900,138.1900,133.9100,138.0300,98.3079,17299173,0.0000
2019-02-08,134.0200,136.6500,132.1200,133.7100,95.2311,21874687,1.5700
2019-02-01,133.1000,135.4100,132.5800,134.1000,94.3961,23585862,0.0000
2019-01-25,123.3000,135.0000,121.5400,133.9700,94.3046,44147478,0.0000
2019-01-18,120.5100,124.7200,119.7600,123.8200,87.1598,23616108,0.0000
2019-01-11,117.5000,121.8600,116.6700,121.4600,85.4985,19780844,0.0000
2019-01-04,113.3300,117.4900,111.6900,117.3200,82.5843,18047093,0.0000
2018-12-28,109.9000,114.8000,105.9400,113.0300,79.5645,21630293,0.0000
2018-12-21,119.0700,120.2700,110.4400,110.9400,78.0933,39485288,0.0000
2018-12-14,119.7400,123.8100,118.5200,119.9000,84.4004,23701178,0.0000
2018-12-07,125.6700,126.5900,118.8700,119.3400,84.0062,25801474,0.0000
2018-11-30,118.3700,124.6900,118.0600,124.2700,87.4766,27471124,0.0000
2018-11-23,121.6300,122.1800,116.7000,117.1900,82.4928,18035587,0.0000
2018-11-16,123.5000,123.5700,119.5100,121.5700,85.5760,23510061,0.0000
2018-11-09,116.1000,125.0600,116.0000,123.5400,86.9627,48482997,1.5700
2018-11-02,119.3400,123.9500,114.0900,115.6700,80.3997,87773431,0.0000
2018-10-26,129.5800,131.9000,123.7100,124.7900,86.7388,36964774,0.0000
2018-10-19,140.3800,145.4500,127.9600,129.1000,89.7346,50928336,0.0000
2018-10-12,148.5000,149.0700,138.7800,140.8500,97.9018,27703434,0.0000
2018-10-05,151.7100,154.3600,147.8700,149.0300,103.5875,18943237,0.0000
2018-09-28,151.1000,153.3500,148.3600,151.2100,105.1028,22847744,0.0000
2018-09-21,148.4400,152.6000,147.4700,151.3500,105.2001,37327961,0.0000
2018-09-14,146.6000,149.3000,145.2500,148.3300,103.1010,20298346,0.0000
2018-09-07,145.9800,147.6600,144.8100,145.4500,101.0992,15394651,0.0000
2018-08-31,146.9400,147.9300,145.2500,146.4800,101.8151,15929583,0.0000
2018-08-24,146.3700,147.1600,144.7500,146.0400,101.5093,12992907,0.0000
2018-08-17,144.1500,146.3900,142.0000,146.0600,101.5232,17890077,0.0000
2018-08-10,146.9500,147.6400,143.8800,144.4800,100.4249,17100909,1.5700
2018-08-03,144.8000,147.9200,142.3300,147.7000,101.5617,24366161,0.0000
2018-07-27,146.3500,149.2700,144.6600,145.1500,99.8082,19940363,0.0000
2018-07-20,145.6700,150.5400,142.7400,146.3500,100.6334,36572622,0.0000
2018-07-13,142.5900,146.9800,142.4700,145.9000,100.3240,17395351,0.0000
2018-07-06,138.2800,142.9400,138.2000,142.4800,97.9723,12024030,0.0000
2018-06-29,140.4000,141.3600,137.4500,139.7000,96.0607,25451478,0.0000
2018-06-22,144.1800,144.5200,140.7800,141.2800,97.1472,21004666,0.0000
2018-06-15,146.6200,147.5200,143.7000,145.3900,99.9733,21311072,0.0000
2018-06-08,142.3000,146.7000,142.1800,146.1400,100.4890,18618365,0.0000
2018-06-01,142.5300,143.1000,140.2100,141.9500,97.6079,20343954,0.0000
2018-05-25,144.9500,146.2000,142.9500,143.6400,98.7699,16951460,0.0000
2018-05-18,144.4700,145.1900,142.9200,144.0800,99.0725,16304020,0.0000
2018-05-11,144.0000,144.8500,141.2800,144.1400,99.1137,20021856,1.5700
2018-05-04,146.8600,147.3800,139.9000,143.9100,97.8781,23464605,0.0000
2018-04-27,145.0300,147.3600,144.1100,146.4800,99.6260,25028049,0.0000
2018-04-20,157.9900,162.0000,144.5100,144.9000,98.5514,51127683,0.0000
2018-04-13,151.8000,159.2200,151.7400,156.7100,106.5838,21372171,0.0000
2018-04-06,153.3400,154.9200,147.4500,150.5700,102.4077,20949699,0.0000
2018-03-29,151.2100,154.8700,150.2800,153.4300,104.3529,14934365,0.0000
2018-03-23,159.7100,159.8900,148.5400,148.8900,101.2651,21959274,0.0000
2018-03-16,159.6400,162.1100,157.7400,160.2600,108.9982,25076217,0.0000
2018-03-09,154.1200,159.5800,153.7500,159.3100,108.3521,22842811,0.0000
2018-03-02,155.8100,159.7800,151.8800,154.4900,105.0739,18831762,0.0000
2018-02-23,155.7900,156.7900,152.7900,155.5200,105.7744,14987102,0.0000
2018-02-16,150.9000,157.7900,149.6400,156.1800,106.2233,25701914,0.0000
2018-02-09,157.8900,158.5000,144.4000,149.5100,101.6868,38856237,1.5000
2018-02-02,167.4500,168.3900,158.8700,159.0300,107.0735,21842492,0.0000
2018-01-26,161.5100,168.7200,161.1100,167.3400,112.6685,28170112,0.0000
2018-01-19,165.1000,171.1300,161.3000,162.3700,109.3222,51246304,0.0000
2018-01-12,162.6600,164.9400,161.7000,163.1400,109.8407,22376145,0.0000
2018-01-05,154.5000,162.9000,153.5400,162.4900,109.4030,26160206,0.0000
2017-12-29,152.5100,154.7200,152.5000,153.4200,103.2963,10573732,0.0000
2017-12-22,153.4100,154.1800,151.4900,152.5000,102.6769,20045931,0.0000
2017-12-15,154.9700,157.8500,152.0300,152.5000,102.6769,31101402,0.0000
2017-12-08,155.6700,156.8000,153.2600,154.8100,104.2322,20236835,0.0000
2017-12-01,152.0600,155.0200,151.6200,154.7600,104.1985,24386604,0.0000
2017-11-24,150.6400,152.4500,149.9000,151.8400,102.2325,13728716,0.0000
2017-11-17,148.8800,150.1500,146.2110,148.9700,100.3001,23731918,0.0000
2017-11-10,151.7700,151.8200,149.1400,149.1600,100.4281,21891991,1.5000
2017-11-03,153.7600,154.9300,151.4900,151.5800,101.0490,19467703,0.0000
2017-10-27,162.0500,162.5100,152.9110,153.6800,102.4489,28529638,0.0000
2017-10-20,147.2200,162.4800,146.1800,162.0700,108.0420,56148944,0.0000
2017-10-13,146.5000,148.9500,146.3500,147.1000,98.0624,16128636,0.0000
2017-10-06,145.3500,147.5400,145.2100,146.4800,97.6491,12252293,0.0000
2017-09-29,145.1200,147.4200,144.2100,145.0800,96.7158,18131168,0.0000
2017-09-22,144.8100,145.8911,144.2200,145.1300,96.7492,16890140,0.0000
2017-09-15,143.5400,146.3800,143.0100,144.8200,96.5425,24882951,0.0000
2017-09-08,143.5000,144.6400,141.6400,142.4500,94.9626,13803467,0.0000
2017-09-01,144.1100,144.5600,141.9000,144.0800,96.0492,17765494,0.0000
2017-08-25,139.5900,144.1900,139.1300,143.7400,95.8225,15927109,0.0000
2017-08-18,142.0000,143.3400,139.5800,139.7000,93.1293,18585485,0.0000
2017-08-11,145.0000,145.0900,141.1900,141.8400,94.5559,18161288,1.5000
2017-08-04,144.3800,145.6700,144.1700,145.1600,95.7584,16503121,0.0000
2017-07-28,147.0000,147.4900,143.6400,144.2900,95.1845,21206630,0.0000
2017-07-21,153.5900,154.2900,146.5100,147.0800,97.0250,39223438,0.0000
2017-07-14,152.9100,154.6150,152.0500,154.2400,101.7482,15015697,0.0000
2017-07-07,153.5800,156.0250,152.1400,152.9400,100.8907,11462576,0.0000
2017-06-30,154.7100,155.7500,153.1400,153.8300,101.4778,13465670,0.0000
2017-06-23,155.5100,155.8600,153.3900,154.1100,101.6625,18294998,0.0000
2017-06-16,154.1900,157.2000,152.9400,155.3800,102.5003,23761609,0.0000
2017-06-09,151.8200,154.2650,150.8000,154.1000,101.6559,20653101,0.0000
2017-06-02,151.9500,153.2000,151.5900,152.0500,100.3036,13583558,0.0000
2017-05-26,152.1000,153.7300,151.2300,152.4900,100.5938,14563625,0.0000
2017-05-19,150.6200,154.1400,150.1100,151.9800,100.2574,23606431,0.0000
2017-05-12,152.8000,153.4700,149.7900,150.3700,99.1953,28432713,1.5000
2017-05-05,160.0500,160.4200,153.0000,155.0500,101.2897,28746997,0.0000
2017-04-28,161.2900,162.0400,159.6300,160.2900,104.7129,22585454,0.0000
2017-04-21,169.7500,171.6900,159.6000,160.3800,104.7717,41444548,0.0000
2017-04-13,172.5300,172.5600,168.9800,169.5300,110.7491,15162492,0.0000
2017-04-07,173.8200,176.3300,171.2800,172.1400,112.4542,20657952,0.0000
2017-03-31,172.6900,175.0000,172.0937,174.1400,113.7607,15949938,0.0000
2017-03-24,175.6500,176.2300,172.8000,173.8300,113.5582,16816026,0.0000
2017-03-17,177.8500,179.0000,174.7500,175.6500,114.7471,20678038,0.0000
2017-03-10,179.7200,181.2900,175.8800,177.8300,116.1713,18283618,0.0000
2017-03-03,181.1900,182.5500,179.2800,180.0500,117.6215,14713309,0.0000
2017-02-24,180.6000,182.5000,179.1200,181.3500,118.4708,13082284,0.0000
2017-02-17,179.2400,182.7900,178.3500,180.6700,118.0266,15587334,0.0000
2017-02-10,175.3100,178.8701,174.3800,178.6800,116.7265,15458288,1.4000
2017-02-03,176.9800,177.0700,172.8900,175.8200,113.9526,16952754,0.0000
2017-01-27,170.0800,179.2500,170.0100,177.3000,114.9118,24898161,0.0000
2017-01-20,166.6900,170.6400,165.8000,170.5500,110.5370,26891514,0.0000
2017-01-13,169.4700,169.8000,165.3400,167.3400,108.4566,16710843,0.0000
2017-01-06,167.0000,169.9200,166.0100,169.5300,109.8759,11943248,0.0000
2016-12-30,166.9800,167.9800,165.5000,165.9900,107.5816,7770697,0.0000
2016-12-23,166.8300,168.2500,165.2500,166.7100,108.0482,13209502,0.0000
2016-12-16,166.7200,169.9520,165.0700,166.7300,108.0612,23953742,0.0000
2016-12-09,160.8500,166.7200,158.9300,166.5200,107.9251,17154330,0.0000
2016-12-02,163.2000,164.6600,158.3000,160.0200,103.7123,19370850,0.0000
2016-11-25,160.6900,163.1900,160.3697,163.1400,105.7345,11269212,0.0000
2016-11-18,161.2500,161.8600,157.5500,160.3900,103.9521,16168917,0.0000
2016-11-11,153.9900,161.3400,151.0000,161.2700,104.5225,25292112,1.4000
2016-11-04,152.7600,154.3300,151.6700,152.4300,97.9097,15168515,0.0000
2016-10-28,150.4000,154.4400,149.8300,152.6100,98.0253,16009359,0.0000
2016-10-21,154.4500,155.8900,147.7900,149.6300,96.1112,31731091,0.0000
2016-10-14,156.7100,158.4900,152.2700,154.4500,99.2072,15614452,0.0000
2016-10-07,158.0600,158.5300,154.8600,155.6700,99.9908,11417766,0.0000
2016-09-30,154.4600,165.0000,153.4600,158.8500,102.0334,15801644,0.0000
2016-09-23,154.8700,157.2200,153.8700,154.9800,99.5476,12476162,0.0000
2016-09-16,155.2600,158.5300,153.2100,153.8400,98.8154,21990587,0.0000
2016-09-09,159.8800,161.7600,155.6500,155.6900,100.0037,15009419,0.0000
2016-09-02,158.8300,160.5700,158.1000,159.5500,102.4831,11286596,0.0000
2016-08-26,160.0000,161.3400,157.8500,158.3200,101.6930,13571765,0.0000
2016-08-19,162.4000,162.9700,159.5200,160.0400,102.7978,14873739,0.0000
2016-08-12,162.7300,164.9500,161.5200,161.9500,104.0246,19554950,1.4000
2016-08-05,160.6500,163.5100,159.8000,163.5000,104.1207,15067283,0.0000
2016-07-29,162.0000,163.6000,160.0300,160.6200,102.2866,13747991,0.0000
2016-07-22,159.3000,162.1700,157.8900,162.0700,103.2100,24775973,0.0000
2016-07-15,154.6000,161.4000,154.5000,159.7800,101.7517,18535456,0.0000
2016-07-08,151.1900,154.6000,149.9200,154.4600,98.3638,10213227,0.0000
2016-07-01,146.1800,152.9700,142.5000,152.3500,97.0201,19155814,0.0000
2016-06-24,152.6000,155.4800,146.1800,146.5900,93.3520,22214411,0.0000
2016-06-17,151.6300,152.7200,149.0000,151.9900,96.7908,15849580,0.0000
2016-06-10,153.0900,154.0900,151.8600,152.3700,97.0328,14920842,0.0000
2016-06-03,152.5600,153.8100,151.5400,152.8900,97.3640,13470239,0.0000
2016-05-27,147.6100,152.9300,146.6600,152.8400,97.3321,14910875,0.0000
2016-05-20,147.6500,149.9900,143.9550,147.2500,93.7723,16406443,0.0000
2016-05-13,147.7000,151.0900,147.0100,147.7200,94.0716,17034303,0.0000
2016-05-06,146.5600,147.9700,142.9000,147.2900,93.7977,21059912,1.4000
2016-04-29,148.1600,150.7800,144.1910,145.9400,92.0630,16956550,0.0000
2016-04-22,151.7500,153.1400,142.6100,148.5000,93.6779,37688644,0.0000
2016-04-15,150.2600,152.7600,148.5800,151.7200,95.7092,17443203,0.0000
2016-04-08,152.3400,153.5200,147.8100,149.3500,94.2141,18417556,0.0000
2016-04-01,147.7500,153.1000,147.2300,152.5200,96.2138,20439783,0.0000
2016-03-24,147.3000,149.2800,144.4900,147.9500,93.3309,17611709,0.0000
2016-03-18,142.0100,147.5100,141.0400,147.0900,92.7884,29886417,0.0000
2016-03-11,137.2800,142.9236,136.8718,142.3600,89.8046,23556160,0.0000
2016-03-04,132.0000,139.4200,130.9000,137.8000,86.9280,22557187,0.0000
2016-02-26,133.8400,134.9200,129.6800,132.0300,83.2882,20763400,0.0000
2016-02-19,121.8300,134.0000,121.3400,133.0800,83.9505,23958762,0.0000
2016-02-12,126.0000,127.5100,116.9010,121.0400,76.3554,32025579,1.3000
2016-02-05,124.4000,128.6400,122.2900,128.5700,80.2836,25527891,0.0000
2016-01-29,122.1000,124.7900,120.6500,124.7900,77.9232,27278749,0.0000
2016-01-22,130.1100,132.1000,118.0000,122.5000,76.4932,44203492,0.0000
2016-01-15,131.8100,134.2799,128.8700,130.0300,81.1952,29470082,0.0000
2016-01-08,135.6000,136.8900,131.3200,131.6300,82.1943,25251873,0.0000
2015-12-31,137.7400,140.4400,136.5400,137.6200,85.9347,13538507,0.0000
2015-12-24,135.8300,139.3050,134.0200,138.2500,86.3281,16540309,0.0000
2015-12-18,135.3100,139.6500,134.0200,134.9000,84.2362,27823388,0.0000
2015-12-11,140.1600,140.4100,133.9100,134.5700,84.0302,21354563,0.0000
2015-12-04,138.6100,141.4000,137.9900,140.4300,87.6894,22935841,0.0000
2015-11-27,138.5300,139.3400,137.1200,138.4600,86.4592,13199481,0.0000
2015-11-20,131.7900,138.9150,131.7900,138.5000,86.4842,21083793,0.0000
2015-11-13,137.9200,138.0800,131.6500,131.7500,82.2693,25069755,0.0000
2015-11-06,140.5000,142.8000,137.8700,138.2500,86.3281,21526383,1.3000
2015-10-30,144.7500,145.0000,137.3300,140.0800,86.6560,34698762,0.0000
2015-10-23,149.8500,149.9700,139.3000,144.6800,89.5016,42068316,0.0000
2015-10-16,152.4000,152.5800,148.5800,150.3900,93.0339,17455488,0.0000
2015-10-09,145.8200,153.1470,145.8200,152.3900,94.2711,19465122,0.0000
2015-10-02,144.4200,145.7100,140.5600,144.5800,89.4397,19914471,0.0000
2015-09-25,145.3900,146.9800,141.9500,145.4200,89.9594,16815584,0.0000
2015-09-18,147.3700,149.6800,143.9800,144.5100,89.3964,20721826,0.0000
2015-09-11,145.8600,149.0400,144.5100,147.3700,91.1657,13916382,0.0000
2015-09-04,147.2600,148.4000,141.8500,143.7000,88.8954,21421138,0.0000
2015-08-28,143.4700,148.9700,140.6200,147.9800,91.5430,32508092,0.0000
2015-08-21,155.2000,156.6900,148.7000,148.8500,92.0812,19846207,0.0000
2015-08-14,156.7700,157.4652,153.9500,155.7500,96.3497,17165086,0.0000
2015-08-07,161.7000,161.8500,154.3350,155.1200,95.9600,20138504,1.3000
2015-07-31,159.0000,162.0600,158.5000,161.9900,99.3834,15380412,0.0000
2015-07-24,172.7900,173.7800,159.4100,159.7500,98.0091,37075256,0.0000
2015-07-17,167.9300,172.5200,167.5200,172.5100,105.8376,17138495,0.0000
2015-07-10,163.8300,167.4000,162.2317,166.9500,102.4264,18143986,0.0000
2015-07-02,163.9200,165.6100,162.1200,165.0900,101.2853,12979210,0.0000
2015-06-26,167.6500,169.9700,165.2300,165.4600,101.5123,20939777,0.0000
2015-06-19,165.3300,168.7200,164.2500,166.9900,102.4510,20761376,0.0000
2015-06-12,167.1700,170.4400,163.3700,166.9900,102.4510,18364270,0.0000
2015-06-05,170.2100,171.5601,167.2000,167.4000,102.7025,13868111,0.0000
2015-05-29,172.1100,172.4800,169.1300,169.6500,104.0829,12435919,0.0000
2015-05-22,173.4400,174.4400,171.9300,172.2200,105.6596,11939607,0.0000
2015-05-15,172.6500,174.4100,168.8400,173.2600,106.2977,13435074,0.0000
2015-05-08,174.4700,176.3000,168.8600,172.6800,105.9419,16793441,1.3000
2015-05-01,170.8900,175.1303,170.0200,173.6700,105.7409,21874751,0.0000
2015-04-24,162.1000,171.9100,161.9000,169.7800,103.3724,35436301,0.0000
2015-04-17,162.3700,164.9600,160.0300,160.6700,97.8257,17532781,0.0000
2015-04-10,159.6900,163.8400,158.7020,162.8600,99.1591,13917063,0.0000
2015-04-02,161.3100,163.6000,158.3900,160.4500,97.6917,16765545,0.0000
2015-03-27,162.7700,165.3500,158.9100,160.4000,97.6613,23569213,0.0000
2015-03-20,155.0500,163.0000,154.8000,162.8800,99.1713,25684872,0.0000
2015-03-13,158.2000,161.1500,153.4000,154.2800,93.9351,26135448,0.0000
2015-03-06,161.6800,161.8900,158.0600,158.5000,96.5044,21117049,0.0000
2015-02-27,164.2300,164.9900,159.7700,161.9400,98.5989,22941227,0.0000
2015-02-20,159.7500,164.4900,159.7300,163.6500,99.6401,14108892,0.0000
2015-02-13,156.0000,160.8000,155.0800,160.4000,97.6613,18164756,0.0000
2015-02-06,154.0000,158.7100,151.5100,156.7200,95.4207,22439830,1.1000
2015-01-30,158.2600,159.4600,149.5200,153.3100,92.6939,32927307,0.0000
2015-01-23,156.7000,157.6000,151.0700,155.8700,94.2417,31230797,0.0000
2015-01-16,159.0000,159.9700,153.7400,157.1400,95.0095,23272056,0.0000
2015-01-09,161.2700,161.2700,154.0300,159.1100,96.2006,24440360,0.0000
2015-01-02,162.0000,163.3100,159.4500,162.0600,97.9843,15698987,0.0000
2014-12-26,158.3300,163.0900,158.3300,162.3400,98.1535,12508916,0.0000
2014-12-19,155.9300,160.4100,150.5000,158.5100,95.8379,34588770,0.0000
2014-12-12,163.2900,163.3300,155.3300,155.3800,93.9454,23397756,0.0000
2014-12-05,161.6400,164.5200,161.3500,163.2700,98.7158,20945441,0.0000
2014-11-28,161.5400,163.8600,161.0100,162.1700,98.0508,17053892,0.0000
2014-11-21,164.1600,164.9700,159.8000,160.9200,97.2950,22273217,0.0000
2014-11-14,161.9000,164.4900,161.6100,164.1600,99.2539,20088151,0.0000
2014-11-07,164.2500,164.5400,160.0500,162.0700,97.9903,20603321,1.1000
2014-10-31,162.0000,165.5900,161.8000,164.4000,98.7265,27342119,0.0000
2014-10-24,166.8450,170.3310,161.1000,162.0800,97.3332,69701346,0.0000
2014-10-17,185.4900,186.6500,178.6900,182.0500,109.3257,24355568,0.0000
2014-10-10,189.6900,190.8900,185.1000,185.9300,111.6558,15795271,0.0000
2014-10-03,188.5100,190.8500,186.2400,188.6700,113.3012,14352364,0.0000
2014-09-26,193.7200,194.1400,188.6100,190.0600,114.1359,16209901,0.0000
2014-09-19,191.4200,195.0000,190.5800,194.0000,116.5020,20044000,0.0000
2014-09-12,190.7500,192.7800,189.5100,191.2800,114.8686,12878100,0.0000
2014-09-05,192.6800,192.9700,190.0600,191.2000,114.8205,9627700,0.0000
2014-08-29,191.3900,194.1330,190.6600,192.3000,115.4811,11487700,0.0000
2014-08-22,188.1000,192.0700,187.7600,190.4100,114.3461,11074800,0.0000
2014-08-15,187.8100,188.8800,186.2800,187.3800,112.5265,10927100,0.0000
2014-08-08,189.3500,189.9500,183.5800,186.6300,112.0761,14770900,1.1000
2014-08-01,194.3000,196.4000,188.8600,189.1500,112.9215,19838900,0.0000
2014-07-25,191.3000,195.9000,189.2500,194.4000,116.0558,19580700,0.0000
2014-07-18,188.5500,195.9500,188.2100,192.5000,114.9215,34217100,0.0000
2014-07-11,187.6100,188.9000,186.2100,188.0000,112.2350,14983700,0.0000
2014-07-03,181.3300,188.9900,180.2600,188.5300,112.5514,18382300,0.0000
2014-06-27,181.9200,183.0000,179.2700,181.7100,108.4799,17703900,0.0000
2014-06-20,182.4000,184.4700,181.2350,181.5500,108.3844,24186800,0.0000
2014-06-13,186.2200,187.6400,180.9100,182.5600,108.9873,18143900,0.0000
2014-06-06,184.7600,187.6500,183.9200,186.3700,111.2619,14243300,0.0000
2014-05-30,184.8000,185.6500,182.3300,184.3600,110.0619,15895800,0.0000
2014-05-23,186.6100,187.1600,184.7000,185.9400,111.0052,14066100,0.0000
2014-05-16,191.1200,193.0300,185.9300,187.0600,111.6738,19407200,0.0000
2014-05-09,191.0500,191.4900,186.9300,190.0800,113.4767,13925300,1.1000
2014-05-02,191.1400,196.8600,190.5800,191.4400,113.6284,21195300,0.0000
2014-04-25,189.8000,193.0000,189.1100,189.6300,112.5541,22312800,0.0000
2014-04-17,196.2400,198.7100,187.0100,190.0100,112.7796,30565200,0.0000
2014-04-11,191.7200,199.2100,191.5700,195.1900,115.8542,30598500,0.0000
2014-04-04,191.6400,195.1300,191.2800,191.7700,113.8242,29036500,0.0000
2014-03-28,187.4300,195.6300,187.3700,190.4500,113.0408,35465000,0.0000
2014-03-21,182.6600,188.7000,182.6600,186.6700,110.7972,30821100,0.0000
2014-03-14,187.5500,188.4500,182.2100,182.2100,108.1500,24057200,0.0000
2014-03-07,183.3300,188.9200,182.8200,187.6800,111.3966,20103400,0.0000
2014-02-28,182.8200,186.1200,182.8200,185.1700,109.9068,20734000,0.0000
2014-02-21,183.1800,185.7100,182.3200,182.7900,108.4942,19774200,0.0000
2014-02-14,176.9700,184.4300,176.2500,183.6900,109.0284,21312600,0.0000
2014-02-07,176.0200,177.5600,172.1900,177.2500,105.2060,25234000,0.9500
2014-01-31,179.6050,179.6500,175.3400,176.6800,104.3004,25559900,0.0000
2014-01-24,190.2300,190.3900,179.6400,179.6400,106.0478,38736900,0.0000
2014-01-17,186.2600,190.8100,183.8600,190.0900,112.2168,27635300,0.0000
2014-01-10,187.1500,190.3500,185.3000,187.2600,110.5461,22947500,0.0000
2014-01-03,185.3200,187.7900,184.6700,186.6400,110.1801,15248000,0.0000
2013-12-27,181.0500,186.5000,180.6100,185.0800,109.2592,12400800,0.0000
2013-12-20,173.2200,182.0000,172.7300,180.0200,106.2721,32267100,0.0000
2013-12-13,177.9900,178.1520,172.7300,172.8000,102.0099,21870800,0.0000
2013-12-06,179.4600,179.5900,175.1600,177.6700,104.8848,24816100,0.0000
2013-11-29,180.2500,180.7600,177.3100,179.6800,106.0714,20384900,0.0000
2013-11-22,183.5200,186.2400,179.9200,181.3000,107.0277,25637400,0.0000
2013-11-15,180.1900,184.0487,179.6600,183.1900,108.1435,25682800,0.0000
2013-11-08,179.9000,181.3900,177.3500,179.9900,106.2544,25635300,0.9500
2013-11-01,177.0400,182.3200,176.2000,179.2300,105.2477,25853600,0.0000
2013-10-25,174.4200,179.1000,172.6301,176.8500,103.8502,29861500,0.0000
2013-10-18,185.4100,186.9900,172.5700,173.7800,102.0474,45663100,0.0000
2013-10-11,181.8500,186.2300,178.7100,186.1600,109.3172,20859700,0.0000
2013-10-04,185.5600,186.7400,183.0000,184.1000,108.1075,16351900,0.0000
2013-09-27,190.0600,192.4100,186.4500,186.9200,109.7635,15079700,0.0000
2013-09-20,193.7000,194.8900,190.0200,190.0200,111.5839,22379100,0.0000
2013-09-13,183.6800,193.1000,183.3100,192.1700,112.8464,18194900,0.0000
2013-09-06,183.6300,185.0000,182.3100,183.0300,107.4792,11856200,0.0000
2013-08-30,185.2700,187.0000,181.1000,182.2700,107.0329,15052200,0.0000
2013-08-23,185.3000,186.5700,183.1685,185.4200,108.8826,14564700,0.0000
2013-08-16,186.9700,189.9900,185.3400,185.3400,108.8357,16580500,0.0000
2013-08-09,195.1600,195.8800,186.7900,187.8200,110.2920,20128300,0.9500
2013-08-02,196.8300,197.8300,193.2215,195.1600,114.0277,15338600,0.0000
2013-07-26,193.4000,197.8300,193.2804,197.3500,115.3073,14719100,0.0000
2013-07-19,192.4200,200.9400,191.6800,193.5400,113.0812,31679400,0.0000
2013-07-12,195.6000,195.7800,190.7800,192.0700,112.2223,20715900,0.0000
2013-07-05,192.1500,195.1600,190.2600,194.9300,113.8933,12378100,0.0000
2013-06-28,193.9900,196.9000,188.4100,191.1100,111.6614,25092600,0.0000
2013-06-21,203.4400,206.0900,193.5401,195.4600,114.2030,22773400,0.0000
2013-06-14,206.9700,206.9800,200.3400,202.2000,118.1410,14580500,0.0000
2013-06-07,208.2500,210.0500,201.4700,206.3500,120.5658,17768500,0.0000
2013-05-31,207.4400,211.9800,206.0400,208.0200,121.5415,16799600,0.0000
2013-05-24,208.0200,210.1500,204.4200,205.7200,120.1977,20259100,0.0000
2013-05-17,204.1800,209.5000,202.0400,208.4400,121.7869,21587300,0.0000
2013-05-10,203.7900,205.0000,201.5200,204.4700,119.4673,18700700,0.9500
2013-05-03,194.7800,205.3190,194.6500,204.5100,118.9390,26809200,0.0000
2013-04-26,191.1500,195.1700,187.6800,194.3100,113.0069,27976600,0.0000
2013-04-19,210.4400,212.0000,189.7600,190.0000,110.5003,35696400,0.0000
2013-04-12,209.0700,213.0900,207.3300,211.3800,122.9345,15273700,0.0000
2013-04-05,212.8000,214.8900,206.3400,209.4100,121.7888,16247600,0.0000
2013-03-28,212.5400,213.4400,209.7350,213.3000,124.0511,12516100,0.0000
2013-03-22,212.9000,215.8200,210.1100,212.0800,123.3416,18085500,0.0000
2013-03-15,210.0400,215.9000,209.0400,214.9200,124.9933,23433000,0.0000
2013-03-08,202.5900,210.7400,202.5500,210.3800,122.3529,18680900,0.0000
2013-03-01,201.6700,203.1230,197.5100,202.9100,118.0085,19419000,0.0000
2013-02-22,200.6000,201.8900,198.1100,201.0900,116.9500,13744500,0.0000
2013-02-15,200.9800,201.9500,199.0200,200.9800,116.8860,14498300,0.0000
2013-02-08,204.1900,205.0200,198.6800,201.6800,117.2932,16419900,0.8500
2013-02-01,204.8500,206.2200,202.9600,205.1800,118.8262,15901300,0.0000
2013-01-25,194.3600,208.5800,194.0100,204.9700,118.7046,27508900,0.0000
2013-01-18,192.8200,195.0000,190.3900,194.4700,112.6237,19748400,0.0000
2013-01-11,193.4000,195.0000,191.2800,194.4500,112.6122,16589700,0.0000
2013-01-04,189.2300,196.3500,188.8400,193.9900,112.3458,15943900,0.0000
2012-12-28,193.0500,193.8300,189.8300,189.8300,109.9366,11911900,0.0000
2012-12-21,191.7600,196.4500,191.5700,193.4200,112.0156,24598600,0.0000
2012-12-14,192.1700,194.8000,191.2600,191.7600,111.0543,19274500,0.0000
2012-12-07,190.7600,192.2000,186.9400,191.9500,111.1643,18850300,0.0000
2012-11-30,192.4500,193.3700,189.2700,190.0700,110.0756,21119100,0.0000
2012-11-23,188.6200,193.4900,188.2500,193.4900,112.0562,15826300,0.0000
2012-11-16,190.0300,190.8800,184.7800,186.9400,108.2629,18951000,0.0000
2012-11-09,192.3600,196.7500,188.8800,189.6400,109.8265,17977200,0.8500
2012-11-02,194.8000,198.0000,193.2900,193.4300,111.5255,14071200,0.0000
2012-10-26,193.7100,194.6800,190.5600,193.2700,111.4333,19824000,0.0000
2012-10-19,208.8800,211.0000,193.1800,193.3600,111.4852,37283100,0.0000
2012-10-12,210.0200,210.7400,205.0500,207.8000,119.8108,15209500,0.0000
2012-10-05,208.0100,211.7900,207.9400,210.5900,121.4194,17786100,0.0000
2012-09-28,205.0200,208.3200,203.9000,207.4500,119.6090,17962400,0.0000
2012-09-21,205.5500,207.9900,205.3000,205.9800,118.7615,24867400,0.0000
2012-09-14,199.3900,207.6500,198.7300,206.8100,119.2400,19339300,0.0000
2012-09-07,196.6100,199.5000,193.2500,199.5000,115.0253,15172300,0.0000
2012-08-31,197.9600,198.3000,193.1800,194.8500,112.3443,13113600,0.0000
2012-08-24,200.6900,201.1300,194.2000,197.7700,114.0278,14140300,0.0000
2012-08-17,198.8800,202.0000,197.7200,201.2200,116.0170,12373700,0.0000
2012-08-10,198.7600,200.8800,197.2400,199.2900,114.9042,12376100,0.8500
2012-08-03,196.3200,198.9500,193.0200,198.5200,113.9735,14944000,0.0000
2012-07-27,189.7800,197.4100,188.2000,196.3900,112.7507,18795600,0.0000
2012-07-20,185.5800,196.8500,183.2000,192.4500,110.4886,31507600,0.0000
2012-07-13,190.7600,191.1400,181.8500,186.0100,106.7913,22998800,0.0000
2012-07-06,196.3600,197.2000,189.7400,191.4100,109.8916,11920500,0.0000
2012-06-29,192.4800,195.8100,188.9000,195.5800,112.2856,18637100,0.0000
2012-06-22,197.5700,199.9900,193.1900,193.7000,111.2063,23194300,0.0000
2012-06-15,196.6000,199.2700,192.1400,199.1000,114.3065,19518700,0.0000
2012-06-08,188.3400,195.8299,187.0000,195.1400,112.0330,18002600,0.0000
2012-06-01,195.2200,198.0800,188.6000,189.0800,108.5539,21714900,0.0000
2012-05-25,195.9800,198.2600,193.2000,194.3000,111.5507,17970000,0.0000
2012-05-18,199.9200,201.4679,195.1600,195.8800,112.4579,22381000,0.0000
2012-05-11,203.9600,204.7700,199.0600,201.1700,115.4949,17219400,0.8500
2012-05-04,206.7100,208.9290,204.4000,204.9900,117.1936,14699600,0.0000
2012-04-27,197.8900,208.1700,196.7910,206.8100,118.2341,20048100,0.0000
2012-04-20,204.7400,207.6400,197.5210,199.6000,114.1121,30566700,0.0000
2012-04-13,204.4000,206.1700,202.1700,202.8000,115.9416,17522600,0.0000
2012-04-05,208.9600,210.6900,204.4600,205.4700,117.4681,15692400,0.0000
2012-03-30,206.4500,209.1200,206.0200,208.6500,119.2861,16007300,0.0000
2012-03-23,205.7100,206.5300,203.7020,205.4800,117.4738,17132200,0.0000
2012-03-16,200.9300,207.5200,200.2300,206.0100,117.7768,25846100,0.0000
2012-03-09,198.3600,201.1900,196.8120,200.6200,114.6953,21823600,0.0000
2012-03-02,196.7800,199.1700,196.1000,198.8100,113.6605,19330600,0.0000
2012-02-24,193.7300,199.2300,192.4600,197.7600,113.0602,17955300,0.0000
2012-02-17,193.3100,193.8600,190.8310,193.4200,110.5790,17149800,0.0000
2012-02-10,192.4800,194.4600,191.2800,192.4200,110.0073,18144100,0.7500
2012-02-03,189.3900,194.8100,188.2200,193.6400,110.2761,22703600,0.0000
2012-01-27,187.9100,192.7900,187.6700,190.4600,108.4652,22822200,0.0000
2012-01-20,180.3600,188.9700,179.3200,188.5200,107.3604,32020900,0.0000
2012-01-13,182.2000,183.7200,177.3472,179.1600,102.0299,26633200,0.0000
2012-01-06,186.7300,188.7100,182.3100,182.5400,103.9548,19352900,0.0000
2011-12-30,184.9700,186.4800,183.3400,183.8800,104.7179,12119700,0.0000
2011-12-23,184.5100,187.3300,179.0400,184.7500,105.2134,27166800,0.0000
2011-12-16,193.6400,194.3000,181.9100,183.5700,104.5414,30186100,0.0000
2011-12-09,191.1800,194.9000,190.3200,194.5600,110.8001,24142900,0.0000
2011-12-02,182.7100,191.3300,180.6700,189.6600,108.0096,25843600,0.0000
2011-11-25,183.3700,183.9600,177.0600,177.0600,100.8340,16357400,0.0000
2011-11-18,189.1700,189.9700,183.3900,185.2400,105.4924,25522100,0.0000
2011-11-11,186.2200,187.8800,181.1600,187.3800,106.7111,20903100,0.7500
2011-11-04,185.5900,187.7800,180.7400,186.3800,105.7182,22918900,0.0000
2011-10-28,181.5100,188.0700,179.0300,187.4500,106.3251,28719000,0.0000
2011-10-21,189.7100,190.1600,176.1700,181.6300,103.0239,46796000,0.0000
2011-10-14,183.0000,190.5300,182.9000,190.5300,108.0722,26220900,0.0000
2011-10-07,174.3600,183.7200,168.8800,182.3900,103.4550,38117800,0.0000
2011-09-30,170.9600,180.9100,169.8600,174.8700,99.1895,36868400,0.0000
2011-09-23,169.5000,177.6700,165.7600,169.3400,96.0528,31790500,0.0000
2011-09-16,159.6400,172.9900,158.7600,172.9900,98.1232,33464200,0.0000
2011-09-09,163.0600,169.5800,160.8100,161.3700,91.5321,25328900,0.0000
2011-09-02,170.5800,173.7200,166.0000,166.9800,94.7142,26288300,0.0000
2011-08-26,161.3500,169.3300,157.6200,169.1400,95.9394,33789200,0.0000
2011-08-19,171.3200,174.0000,157.1300,157.5400,89.3596,47511700,0.0000
2011-08-12,168.8300,172.6100,161.8500,168.2000,95.4062,56678700,0.7500
2011-08-05,182.6000,183.6900,166.5200,172.9800,97.6768,41229200,0.0000
2011-07-29,183.8900,184.9600,179.7300,181.8500,102.6854,26294400,0.0000
2011-07-22,174.7300,185.6300,173.5800,185.1800,104.5657,37500900,0.0000
2011-07-15,174.9000,176.3200,173.8400,175.5400,99.1223,23838300,0.0000
2011-07-08,173.5200,177.7700,173.5200,176.4900,99.6587,20777900,0.0000
2011-07-01,165.7400,174.6500,165.2100,174.5400,98.5576,23400700,0.0000
2011-06-24,163.7000,166.8100,163.5900,165.0700,93.2102,22978000,0.0000
2011-06-17,164.4400,165.1000,161.5200,164.4400,92.8545,29385600,0.0000
2011-06-10,164.7600,165.9600,162.8700,163.1800,92.1430,20640600,0.0000
2011-06-03,168.4400,169.8900,164.1300,165.0500,93.1989,23342600,0.0000
2011-05-27,168.5800,168.6900,165.9000,167.5000,94.5824,22718600,0.0000
2011-05-20,169.8100,171.4100,166.5300,170.1600,96.0844,25997900,0.0000
2011-05-13,168.3900,172.7700,167.8200,169.9200,95.9489,23498700,0.0000
2011-05-06,172.1100,173.5400,167.5000,168.8900,95.3672,29465600,0.7500
2011-04-29,167.6500,173.0000,167.2300,170.5800,95.8957,26858900,0.0000
2011-04-21,164.6400,168.4500,162.1900,168.2800,94.6027,29758000,0.0000
2011-04-15,163.4400,166.3400,162.3000,166.2100,93.4390,22168000,0.0000
2011-04-08,164.4200,164.7500,163.1600,164.0500,92.2247,17602700,0.0000
2011-04-01,161.5400,164.4200,161.1200,164.2700,92.3484,19066300,0.0000
2011-03-25,157.6400,162.7400,157.0700,162.1800,91.1734,25371800,0.0000
2011-03-18,161.1600,161.9804,151.7100,155.8900,87.6374,41798000,0.0000
2011-03-11,161.6000,167.7200,158.8500,162.4300,91.3140,31095800,0.0000
2011-03-04,162.3600,164.3100,159.4100,161.8300,90.9767,21537300,0.0000
2011-02-25,163.5700,164.2600,159.0300,162.2800,91.2296,21433300,0.0000
2011-02-18,164.1800,164.8400,162.5200,164.8400,92.6688,18590000,0.0000
2011-02-11,164.0800,166.2500,163.1800,163.8500,92.1123,26097300,0.6500
2011-02-04,159.1800,164.2000,158.6800,164.0000,91.8371,25371100,0.0000
2011-01-28,155.4200,164.3500,155.3300,159.2100,89.1548,32502900,0.0000
2011-01-21,149.8200,156.7800,149.3800,155.5000,87.0772,35766800,0.0000
2011-01-14,147.5800,150.0000,146.7500,150.0000,83.9973,19878500,0.0000
2011-01-07,147.2100,148.8600,146.6400,147.9300,82.8382,23486200,0.0000
2010-12-31,145.1200,147.5000,145.0000,146.7600,82.1830,14684300,0.0000
2010-12-23,145.3900,146.4000,144.3300,145.8900,81.6958,13585400,0.0000
2010-12-17,145.1400,146.0100,144.1500,145.0000,81.1974,28194800,0.0000
2010-12-10,144.5400,146.2999,143.5200,144.8200,81.0966,21020900,0.0000
2010-12-03,143.5300,145.8500,141.2800,145.3800,81.4102,28622500,0.0000
2010-11-26,144.0000,146.4400,142.3300,143.9000,80.5814,15256400,0.0000
2010-11-19,143.8900,145.3500,141.1800,145.0500,81.2254,24207800,0.0000
2010-11-12,145.3500,147.5300,143.3500,143.7400,80.4919,24816000,0.6500
2010-11-05,143.6400,146.9300,142.3200,146.9200,81.9091,27101400,0.0000
2010-10-29,140.4200,144.0000,138.5300,143.6000,80.0581,32583300,0.0000
2010-10-22,140.9000,143.0300,136.7000,139.6700,77.8671,41753800,0.0000
2010-10-15,138.7900,142.1000,138.2700,141.0600,78.6421,31299400,0.0000
2010-10-08,135.2300,139.0900,134.3900,138.8500,77.4100,26027000,0.0000
2010-10-01,133.5100,136.2800,133.5100,135.6400,75.6204,30834900,0.0000
2010-09-24,130.2400,134.1500,130.1100,134.1100,74.7674,28357000,0.0000
2010-09-17,128.6300,130.6000,128.4300,130.1900,72.5820,29966700,0.0000
2010-09-10,126.9900,128.2900,125.3900,127.9900,71.3554,16686200,0.0000
2010-09-03,125.0800,127.6000,122.2800,127.5800,71.1269,25097500,0.0000
2010-08-27,127.5700,128.0300,122.4200,124.7300,69.5380,28851700,0.0000
2010-08-20,127.4700,130.1950,126.9600,127.5000,71.0823,24839400,0.0000
2010-08-13,130.7900,132.4900,127.3300,127.8700,71.2885,27721100,0.0000
2010-08-06,129.2500,131.9800,128.7600,130.1400,72.5541,26753600,0.6500
2010-07-30,128.1800,129.5000,127.0400,128.4000,71.2283,29087100,0.0000
2010-07-23,128.6700,130.3800,122.9300,128.3800,71.2172,45328500,0.0000
2010-07-16,127.3700,131.6000,127.1600,128.0300,71.0230,30691500,0.0000
2010-07-09,123.5800,128.2000,122.1700,127.9600,70.9842,22776300,0.0000
2010-07-02,127.6500,129.4700,120.6100,121.8600,67.6003,39925900,0.0000
2010-06-25,131.4200,131.9400,127.1200,127.1200,70.5182,35729700,0.0000
2010-06-18,128.5000,131.2500,128.3400,130.1500,72.1991,34958900,0.0000
2010-06-11,125.5700,128.8000,122.8200,128.4500,71.2560,36446000,0.0000
2010-06-04,124.6900,128.2200,124.2000,125.2800,69.4975,31155200,0.0000
2010-05-28,125.2600,126.3900,121.4700,125.2600,69.4864,40594400,0.0000
2010-05-21,130.6800,131.9900,121.4000,125.4200,69.5752,52738700,0.0000
2010-05-14,126.2700,133.1000,125.0600,131.1900,72.7760,52007600,0.0000
2010-05-07,129.3900,130.1400,116.0000,122.1000,67.7334,43103500,0.6500
2010-04-30,129.7600,132.0000,128.7100,129.0000,71.1877,35378000,0.0000
2010-04-23,130.3800,132.2800,127.7700,129.9900,71.7340,46345200,0.0000
2010-04-16,128.5700,132.1700,127.8400,130.6300,72.0872,35328700,0.0000
2010-04-09,128.3800,129.8000,127.1200,128.7600,71.0553,24394000,0.0000
2010-04-01,129.3000,129.9500,127.5500,128.2500,70.7738,17954900,0.0000
2010-03-26,127.1100,130.7300,126.5700,129.2600,71.3312,31453700,0.0000
2010-03-19,127.4000,128.9300,126.7800,127.7100,70.4758,32679700,0.0000
2010-03-12,127.0600,128.3700,125.2000,127.9400,70.6028,33736000,0.0000
2010-03-05,127.5000,129.0900,125.4700,127.2500,70.2220,29153500,0.0000
2010-02-26,127.3000,128.2700,125.5700,127.1600,70.1723,23624900,0.0000
2010-02-19,124.9100,128.0600,124.1100,127.1900,70.1889,24433700,0.0000
2010-02-12,123.1500,124.2000,121.6100,124.0000,68.4285,30088800,0.5500
2010-02-05,123.2300,126.0700,121.8300,122.9700,67.5552,35063800,0.0000
2010-01-29,126.3300,127.7500,121.9000,122.3900,67.2366,42786400,0.0000
2010-01-22,131.6300,134.2500,125.3700,125.5000,68.9451,48810900,0.0000
2010-01-15,131.0600,132.8900,128.6700,131.7800,72.3951,35873500,0.0000
2010-01-08,131.1800,132.9700,128.9100,130.8500,71.8842,28639800,0.0000
2009-12-31,130.9900,132.8500,130.6800,130.9000,71.9117,18075000,0.0000
2009-12-24,127.8000,130.5700,127.6800,130.5700,71.7304,18700700,0.0000
2009-12-18,129.6500,129.9800,127.0000,127.9100,70.2691,34452500,0.0000
2009-12-11,126.8800,129.7700,126.1100,129.6800,71.2415,29242700,0.0000
2009-12-04,125.1200,128.9000,124.9200,127.2500,69.9065,30307700,0.0000
2009-11-27,127.7000,128.9400,124.2600,125.7000,69.0550,19106900,0.0000
2009-11-20,127.1700,128.6550,126.4600,126.9600,69.7472,23482700,0.0000
2009-11-13,123.9200,127.8000,123.4900,127.0300,69.7857,31065000,0.0000
2009-11-06,120.6100,123.5000,119.5000,123.4900,67.8409,30790900,0.5500
2009-10-30,120.6100,124.3000,119.1500,120.6100,65.9650,38785400,0.0000
2009-10-23,121.7600,124.1100,120.0000,120.3600,65.8282,36292000,0.0000
2009-10-16,125.4400,128.6100,121.2500,121.6400,66.5283,55978800,0.0000
2009-10-09,118.9000,126.0000,118.1300,125.9300,68.8746,37825500,0.0000
2009-10-02,120.5200,122.0000,117.2600,119.0200,65.0953,37380100,0.0000
2009-09-25,121.0300,122.7400,120.1000,121.0800,66.2220,26232600,0.0000
2009-09-18,117.0000,122.8800,116.9400,122.1100,66.7853,40859700,0.0000
2009-09-11,117.9400,119.2500,116.1600,118.0500,64.5648,21828700,0.0000
2009-09-04,117.1000,118.9300,115.1500,117.4600,64.2421,25309900,0.0000
2009-08-28,119.9200,120.8800,117.5100,118.2200,64.6578,26123700,0.0000
2009-08-21,116.6900,120.0100,116.1200,119.9000,65.5766,27622200,0.0000
2009-08-14,118.1700,119.9600,117.3200,118.5700,64.8492,25401100,0.0000
2009-08-07,118.8800,119.9600,116.7000,119.3300,65.2649,27893800,0.5500
2009-07-31,116.9500,119.3700,116.0500,117.9300,64.1984,28085700,0.0000
2009-07-24,114.5300,118.1500,114.3900,117.6400,64.0405,42520000,0.0000
2009-07-17,101.2800,115.5300,100.1900,115.4200,62.8320,58793700,0.0000
2009-07-10,101.5700,102.7800,99.5000,100.8300,54.8895,34208000,0.0000
2009-07-02,105.9900,106.2700,101.7300,101.7300,55.3795,24758400,0.0000
2009-06-26,105.1800,106.7850,103.5100,105.6800,57.5298,30871700,0.0000
2009-06-19,107.6300,109.1400,105.5000,105.8900,57.6441,42930700,0.0000
2009-06-12,106.6400,110.6400,105.5000,108.2100,58.9070,38913000,0.0000
2009-06-05,106.9400,108.8000,105.1100,107.2400,58.3790,35592300,0.0000
2009-05-29,101.3200,106.5000,101.0200,106.2800,57.8564,27330100,0.0000
2009-05-22,102.0000,106.1200,101.7400,101.8900,55.4666,34599500,0.0000
2009-05-15,101.0900,104.3800,100.5700,101.3700,55.1835,42229200,0.0000
2009-05-08,105.2600,106.8200,99.8300,101.4900,55.2488,42691700,0.5500
2009-05-01,99.6100,106.0500,99.2500,104.6100,56.6495,46394300,0.0000
2009-04-24,100.2900,103.8600,98.2000,100.0800,54.1963,59469300,0.0000
2009-04-17,100.2800,102.0400,96.4400,101.2700,54.8408,41711800,0.0000
2009-04-09,100.9000,102.4500,98.5200,101.7000,55.0736,32887100,0.0000
2009-04-03,92.0000,102.6600,91.8000,102.2200,55.3552,64912500,0.0000
2009-03-27,93.7000,99.8600,92.7500,94.1500,50.9851,60950700,0.0000
2009-03-20,91.3400,95.0000,89.4100,92.5100,50.0969,63330900,0.0000
2009-03-13,84.7000,90.6500,83.0200,90.3600,48.9327,61831600,0.0000
2009-03-06,91.1700,91.9000,83.8100,85.8100,46.4687,74483600,0.0000
2009-02-27,89.3000,93.2800,82.8500,92.0300,49.8370,77805700,0.0000
2009-02-20,91.7300,92.4900,87.3400,88.7900,48.0825,42419500,0.0000
2009-02-13,95.9300,96.9800,92.2000,93.8400,50.8172,49132900,0.0000
2009-02-06,90.6000,97.1000,89.6900,96.1400,52.0627,53659500,0.5000
2009-01-30,89.7700,94.9400,89.5200,91.6500,49.3744,50819300,0.0000
2009-01-23,84.7600,91.6000,81.7600,89.4900,48.2108,61309500,0.0000
2009-01-16,84.5700,86.6000,82.1100,84.9200,45.7488,48180000,0.0000
2009-01-09,86.4200,90.4100,84.2500,84.7000,45.6303,41092400,0.0000
2009-01-02,81.7200,87.5900,79.6800,87.3700,47.0687,26062900,0.0000
2008-12-26,83.2700,83.4500,79.9200,81.3300,43.8148,18974200,0.0000
2008-12-19,82.5100,87.2700,80.0000,83.5200,44.9946,50128100,0.0000
2008-12-12,82.5700,85.8800,78.0600,82.2000,44.2835,49785100,0.0000
2008-12-05,80.9500,81.5000,75.3100,80.5900,43.4161,51454000,0.0000
2008-11-28,75.7400,82.4000,75.0000,81.6000,43.9602,39691800,0.0000
2008-11-21,79.4000,81.0000,69.5000,74.8800,40.3400,73411500,0.0000
2008-11-14,87.9900,88.1000,75.4000,80.3300,43.2760,58194400,0.0000
2008-11-07,92.6400,94.7600,84.2500,86.2700,46.4761,47015300,0.5000
2008-10-31,80.2700,94.1900,79.0100,92.9700,49.7932,60537100,0.0000
2008-10-24,92.2100,93.3100,78.8200,82.0700,43.9553,58306900,0.0000
2008-10-17,90.4400,99.0000,84.3500,90.7800,48.6203,75048600,0.0000
2008-10-10,101.2100,103.0000,83.5100,87.7500,46.9974,86848900,0.0000
2008-10-03,117.4400,118.4300,103.0300,103.4400,55.4007,62809100,0.0000
2008-09-26,118.4500,121.9900,114.1400,119.4200,63.9594,34730600,0.0000
2008-09-19,115.3600,124.0000,110.6100,118.8500,63.6541,66307100,0.0000
2008-09-12,118.0000,119.9500,115.0000,118.9700,63.7184,46783800,0.0000
2008-09-05,122.8700,124.0000,113.1700,114.3300,61.2332,42011600,0.0000
2008-08-29,124.4800,125.4500,121.5000,121.7300,65.1966,30493600,0.0000
2008-08-22,126.4900,127.0000,121.5500,124.9300,66.9104,34457400,0.0000
2008-08-15,128.4300,128.4300,124.4000,126.3600,67.6763,32724200,0.0000
2008-08-08,126.7700,129.9700,126.2500,128.8100,68.9885,34413900,0.5000
2008-08-01,127.6900,129.5000,126.1300,126.6400,67.5647,28699300,0.0000
2008-07-25,129.8300,130.9300,127.2600,128.5300,68.5731,45950300,0.0000
2008-07-18,121.8000,130.0000,119.9000,129.8900,69.2987,59542700,0.0000
2008-07-11,119.6200,124.5000,119.6200,122.1200,65.1532,47346100,0.0000
2008-07-03,119.9900,120.7800,116.6000,119.5400,63.7767,32716800,0.0000
2008-06-27,123.0000,125.8300,118.2600,120.0500,64.0488,41907700,0.0000
2008-06-20,125.4600,127.1400,122.3600,122.7400,65.4840,35367900,0.0000
2008-06-13,125.3800,126.7220,122.8600,126.1500,67.3033,31303600,0.0000
2008-06-06,128.6700,129.3700,124.7400,124.9400,66.6577,35309300,0.0000
2008-05-30,124.0100,129.9900,124.0000,129.4300,69.0532,33079200,0.0000
2008-05-23,127.6800,128.2100,123.0200,124.2000,66.2629,31469600,0.0000
2008-05-16,123.8000,128.8300,123.5600,127.8200,68.1943,40848500,0.0000
2008-05-09,122.7600,125.1700,120.7800,124.0600,66.1882,38973400,0.5000
2008-05-02,122.9800,124.4300,120.5000,123.1800,65.4551,36106300,0.0000
2008-04-25,122.0500,124.9000,122.0500,123.0800,65.4020,32273700,0.0000
2008-04-18,116.2000,125.0000,115.5400,124.4000,66.1034,67195200,0.0000
2008-04-11,116.3700,119.2200,115.2800,116.0000,61.6398,38989700,0.0000
2008-04-04,113.9500,118.3700,113.3400,115.7600,61.5123,42376300,0.0000
2008-03-28,118.5700,119.7900,114.2100,114.5700,60.8800,41496800,0.0000
2008-03-20,113.0000,118.5000,113.0000,118.3300,62.8779,39979100,0.0000
2008-03-14,113.1200,118.0000,112.6900,115.2301,61.2307,48594600,0.0000
2008-03-07,114.0900,116.4100,111.8000,113.9400,60.5452,39506500,0.0000
2008-02-29,107.6800,116.6300,107.4300,113.8600,60.5027,54366700,0.0000
2008-02-22,106.7900,109.6000,104.5300,108.0700,57.4260,31292600,0.0000
2008-02-15,102.9000,108.9300,102.8700,106.1600,56.4111,33932900,0.0000
2008-02-08,108.4000,109.0000,100.6000,103.2700,54.8754,40641500,0.4000
2008-02-01,104.4100,109.4000,103.7000,109.0800,57.7397,39007500,0.0000
2008-01-25,99.1600,107.7900,98.5000,104.5200,55.3260,57768700,0.0000
2008-01-18,105.0000,106.7200,100.0500,103.4000,54.7331,78126300,0.0000
2008-01-11,100.3550,101.0000,97.0400,97.6700,51.7000,52601500,0.0000
2008-01-04,109.2500,110.0000,100.4800,101.1300,53.5315,33799300,0.0000
2007-12-28,111.2000,112.1900,109.1080,110.0900,58.2744,16539900,0.0000
2007-12-21,105.3700,111.1600,104.0000,111.0500,58.7825,43481700,0.0000
2007-12-14,109.0000,110.4000,104.1000,105.7700,55.9876,36725700,0.0000
2007-12-07,105.4500,110.0000,104.5800,108.8600,57.6233,31672000,0.0000
2007-11-30,104.4000,109.1900,101.5000,105.1800,55.6753,46569900,0.0000
2007-11-23,104.3400,105.3900,101.3400,104.0500,55.0772,27820500,0.0000
2007-11-16,101.8900,106.4200,100.7000,104.7900,55.4689,50102700,0.0000
2007-11-09,115.1100,115.1100,99.2700,100.2542,53.0679,62718300,0.4000
2007-11-02,113.9000,116.2500,113.2800,114.5900,60.4387,30044700,0.0000
2007-10-26,110.9700,114.8000,110.9600,113.7300,59.9851,32762600,0.0000
2007-10-19,117.9500,119.9400,111.8000,112.2800,59.2203,53958800,0.0000
2007-10-12,116.1000,121.4600,115.8800,117.8100,62.1371,35082300,0.0000
2007-10-05,117.6100,119.6000,115.0000,116.3000,61.3406,33529800,0.0000
2007-09-28,116.9000,118.5000,115.7900,117.8000,62.1318,33029400,0.0000
2007-09-21,114.7000,118.1000,114.3000,116.7800,61.5938,38076800,0.0000
2007-09-14,116.1500,117.7800,114.6500,115.1300,60.7235,32211300,0.0000
2007-09-07,116.3400,118.8900,115.3300,115.5500,60.9451,28916300,0.0000
2007-08-31,113.0000,117.3500,111.6300,116.6900,61.5463,32617900,0.0000
2007-08-24,110.9000,113.2500,108.0800,113.2400,59.7267,39957700,0.0000
2007-08-17,112.9900,113.9500,103.7000,110.9000,58.4925,55388900,0.0000
2007-08-10,111.9700,114.6000,109.7000,112.6400,59.4102,41626500,0.4000
2007-08-03,115.6200,115.7500,110.0200,111.8900,58.8064,66192100,0.0000
2007-07-27,114.8800,118.8200,114.8500,115.6200,60.7668,64841000,0.0000
2007-07-20,108.5700,116.4800,108.4200,114.8100,60.3411,55626100,0.0000
2007-07-13,108.7300,109.6500,108.1000,108.6000,57.0773,34811600,0.0000
2007-07-06,105.3900,109.6600,104.5800,109.0300,57.3033,24567300,0.0000
2007-06-29,104.7300,106.9200,104.1000,105.2500,55.3166,31559100,0.0000
2007-06-22,105.2700,107.0200,104.4400,104.4400,54.8909,35051000,0.0000
2007-06-15,102.8700,105.1900,102.1000,105.0900,55.2325,34517000,0.0000
2007-06-08,106.5000,106.5900,101.5600,103.0700,54.1709,63185700,0.0000
2007-06-01,105.5700,107.6700,105.2100,106.5400,55.9946,23208200,0.0000
2007-05-25,107.1500,108.0000,103.5700,105.1800,55.2798,30271700,0.0000
2007-05-18,105.8100,108.0500,104.5300,107.9900,56.7567,35014200,0.0000
2007-05-11,102.7600,105.9900,102.2100,105.9800,55.7003,34979100,0.4000
2007-05-04,101.1100,103.1700,100.9700,102.9600,53.9043,38307800,0.0000
2007-04-27,95.3500,101.7000,95.0500,101.1700,52.9672,58275300,0.0000
2007-04-20,94.9900,97.6600,93.9110,94.5800,49.5170,51786700,0.0000
2007-04-13,96.4300,96.9400,94.5300,94.9300,49.7002,27497000,0.0000
2007-04-05,94.5100,96.7500,94.0600,96.5200,50.5327,19197800,0.0000
2007-03-30,94.8400,95.2500,93.5700,94.2600,49.3495,34042800,0.0000
2007-03-23,93.9500,95.8100,93.3900,95.0300,49.7526,26906600,0.0000
2007-03-16,93.2900,94.4700,92.1000,93.2500,48.8207,36423000,0.0000
2007-03-09,90.2500,94.8500,90.1000,93.2800,48.8364,43505100,0.0000
2007-03-02,97.8600,97.8600,88.7700,90.9000,47.5904,52427400,0.0000
2007-02-23,98.6600,99.5000,97.4100,97.7300,51.1662,20682500,0.0000
2007-02-16,98.8000,99.5200,97.8000,98.9900,51.8258,27047900,0.0000
2007-02-09,99.1700,100.4400,97.8100,98.5500,51.5955,34668400,0.3000
2007-02-02,98.1000,99.7300,97.4500,99.1700,51.7641,34172300,0.0000
2007-01-26,96.4200,97.9200,96.1200,97.4500,50.8663,41549100,0.0000
2007-01-19,99.4000,100.9000,94.5500,96.1700,50.1982,58474800,0.0000
2007-01-12,98.5000,100.3300,97.9300,99.3400,51.8528,44830200,0.0000
2007-01-05,97.1700,98.7900,96.2600,97.4200,50.8506,26942600,0.0000
2006-12-29,95.0000,97.8800,94.9200,97.1500,50.7097,15807900,0.0000
2006-12-22,94.9500,96.5000,94.8000,95.2500,49.7179,24009800,0.0000
2006-12-15,93.7200,95.8000,93.3000,95.3000,49.7440,30414900,0.0000
2006-12-08,92.5000,94.8700,92.2500,93.8600,48.9924,28792200,0.0000
2006-12-01,92.7100,93.2400,90.4300,91.2500,47.6300,27785200,0.0000
2006-11-24,93.7700,93.8000,92.8000,93.3500,48.7262,13559900,0.0000
2006-11-17,91.7500,94.0500,91.4100,93.8100,48.9663,23826600,0.0000
2006-11-10,91.5000,93.4000,91.5000,91.7600,47.8963,29456500,0.3000
2006-11-03,90.3000,92.6800,89.8000,91.4100,47.5595,30108500,0.0000
2006-10-27,90.0500,92.0000,90.0100,90.7600,47.2213,35037300,0.0000
2006-10-20,86.0800,92.0400,85.7500,90.4800,47.0756,67866100,0.0000
2006-10-13,83.1400,86.2100,83.0000,86.0800,44.7863,26864000,0.0000
2006-10-06,81.7600,83.7800,81.5600,83.1400,43.2567,25738600,0.0000
2006-09-29,81.6400,82.7900,81.2800,81.9400,42.6323,25658300,0.0000
2006-09-22,82.5600,83.7900,81.0100,81.2100,42.2525,30290000,0.0000
2006-09-15,80.6000,83.5900,80.2500,82.9400,43.1526,27425800,0.0000
2006-09-08,81.1900,81.5400,79.3100,80.6600,41.9664,16108000,0.0000
2006-09-01,79.9100,81.6800,79.7600,81.4100,42.3566,22236900,0.0000
2006-08-25,79.5100,80.0000,78.4200,79.8800,41.5606,18060100,0.0000
2006-08-18,75.8500,79.9700,75.6000,79.9000,41.5710,29303900,0.0000
2006-08-11,75.6300,76.2800,75.0500,75.4800,39.2713,19054700,0.3000
2006-08-04,76.4400,77.5000,74.9000,75.9100,39.3383,20900500,0.0000
2006-07-28,74.9200,77.3000,74.9200,76.9600,39.8825,25666400,0.0000
2006-07-21,73.3400,77.0600,72.7300,74.8600,38.7942,50614500,0.0000
2006-07-14,76.1800,76.8300,73.3700,73.5700,38.1257,37325800,0.0000
2006-07-07,77.5400,78.5300,76.1200,76.4200,39.6026,18199800,0.0000
2006-06-30,77.0400,77.9300,76.0600,76.8200,39.8099,26797500,0.0000
2006-06-23,78.0600,78.5600,76.9400,77.1000,39.9550,27070000,0.0000
2006-06-16,77.6800,78.7800,76.8200,77.9500,40.3955,33150500,0.0000
2006-06-09,79.1000,80.7400,76.7500,78.0100,40.4266,40341000,0.0000
2006-06-02,80.3500,80.9600,79.1500,79.5200,41.2091,23532800,0.0000
2006-05-26,79.9400,81.3000,79.0000,80.7500,41.8465,26222700,0.0000
2006-05-19,81.8000,83.2500,79.5100,80.2800,41.6030,28629900,0.0000
2006-05-12,82.6000,83.6900,82.3000,82.3900,42.6964,22319900,0.3000
2006-05-05,82.5900,83.5500,82.0000,82.9800,42.8471,24540000,0.0000
2006-04-28,81.3000,84.4000,81.1000,82.3400,42.5166,36485300,0.0000
2006-04-21,81.7700,84.0000,81.2600,81.6600,42.1655,35449300,0.0000
2006-04-13,82.4900,82.7400,80.6300,81.9800,42.3308,18292300,0.0000
2006-04-07,82.7200,84.4500,82.4400,82.4800,42.5889,23780100,0.0000
2006-03-31,82.9800,83.7000,82.2000,82.4700,42.5838,23139800,0.0000
2006-03-24,83.1100,84.9900,82.9300,83.3600,43.0433,25547800,0.0000
2006-03-17,81.5600,83.7600,81.4500,83.3000,43.0123,25173700,0.0000
2006-03-10,80.0500,82.2500,79.8600,81.5700,42.1191,23708100,0.0000
2006-03-03,80.0000,80.8900,79.5100,79.9600,41.2877,23693200,0.0000
2006-02-24,80.1000,81.6500,79.8500,80.1000,41.3600,20014900,0.0000
2006-02-17,81.3300,81.9100,80.1300,80.7100,41.6750,26994200,0.0000
2006-02-10,79.9400,81.4600,78.9300,81.3300,41.9951,32826100,0.2000
2006-02-03,81.0200,82.2400,79.7200,79.9700,41.1909,33566000,0.0000
2006-01-27,81.3300,82.1500,80.5900,81.0200,41.7318,32471000,0.0000
2006-01-20,82.8000,84.7000,81.2500,81.3600,41.9069,34792500,0.0000
2006-01-13,83.9000,84.8100,82.5000,83.1700,42.8392,30173200,0.0000
2006-01-06,82.4500,85.0300,80.8100,84.9500,43.7560,36958200,0.0000
2005-12-30,83.4800,84.5000,81.5600,82.2000,42.3396,17622000,0.0000
2005-12-23,83.2300,84.2000,82.0600,83.4800,42.9989,27298200,0.0000
2005-12-16,87.0100,87.3500,82.7500,83.3700,42.9422,39305300,0.0000
2005-12-09,88.4000,89.9200,86.3300,86.9700,44.7965,26427900,0.0000
2005-12-02,88.8000,89.9400,88.3600,88.6500,45.6618,25765400,0.0000
2005-11-25,87.6000,89.3900,86.8800,88.8000,45.7391,18193100,0.0000
2005-11-18,84.2500,88.0000,84.0300,87.7700,45.2086,30719600,0.0000
2005-11-11,83.1000,84.8400,82.3000,84.5500,43.5500,21762600,0.2000
2005-11-04,81.5100,83.3000,80.6400,83.0000,42.6490,31154000,0.0000
2005-10-28,83.1500,83.9500,80.5000,81.4200,41.8372,25793400,0.0000
2005-10-21,82.3600,84.6000,81.9300,83.3300,42.8186,39286100,0.0000
2005-10-14,81.2400,83.5200,81.0800,82.3500,42.3150,36349300,0.0000
2005-10-07,80.2200,81.4700,78.7000,80.5000,41.3644,30921800,0.0000
2005-09-30,78.3100,80.5500,76.9300,80.2200,41.2206,30116700,0.0000
2005-09-23,79.7400,79.9800,77.3000,78.0000,40.0798,31701800,0.0000
2005-09-16,81.0300,82.1100,79.6700,80.3300,41.2771,25110400,0.0000
2005-09-09,79.7000,81.5200,79.7000,81.4400,41.8474,18681300,0.0000
2005-09-02,80.0000,81.7500,79.3400,79.4600,40.8300,25171500,0.0000
2005-08-26,82.7500,83.3500,80.2600,80.3800,41.3028,22210500,0.0000
2005-08-19,81.9000,83.3000,80.8000,82.7600,42.5257,22885800,0.0000
2005-08-12,83.4100,84.0100,81.6200,82.1900,42.2328,22568800,0.2000
2005-08-05,83.0000,84.2000,82.7300,83.3600,42.7315,22265700,0.0000
2005-07-29,83.9800,84.5200,82.8100,83.4600,42.7828,24382900,0.0000
2005-07-22,81.9900,85.1100,81.6800,84.4400,43.2851,45014200,0.0000
2005-07-15,79.4000,82.7500,78.5200,82.3800,42.2291,45662500,0.0000
2005-07-08,74.3800,79.5200,74.1600,79.3000,40.6503,37388800,0.0000
2005-07-01,74.0100,75.6800,73.4500,74.6700,38.2769,30677800,0.0000
2005-06-24,76.0300,77.4900,74.0000,74.0100,37.9386,33289800,0.0000
2005-06-17,74.5000,77.7300,74.4500,76.3900,39.1586,33568000,0.0000
2005-06-10,75.8000,76.0900,74.1000,74.7700,38.3281,24804200,0.0000
2005-06-03,76.6000,77.5000,75.5000,75.7900,38.8510,23975100,0.0000
2005-05-27,76.3000,77.4100,75.1700,77.1000,39.5225,24899800,0.0000
2005-05-20,73.0900,77.6400,73.0900,76.4100,39.1688,34306900,0.0000
2005-05-13,75.2600,75.4600,72.5000,73.1600,37.5028,33727100,0.0000
2005-05-06,76.8800,78.1100,74.9700,75.2600,38.5793,39063200,0.2000
2005-04-29,75.2400,77.1800,74.0500,76.3800,39.0497,51112000,0.0000
2005-04-22,77.1500,77.7500,71.8500,74.2100,37.9403,70090000,0.0000
2005-04-15,87.3500,87.5600,76.3300,76.7000,39.2133,62144400,0.0000
2005-04-08,90.0800,90.6200,87.5000,87.6000,44.7860,27677900,0.0000
2005-04-01,90.7100,91.7600,90.0400,90.4400,46.2379,25553000,0.0000
2005-03-24,89.4200,91.5500,89.2600,90.7000,46.3709,18904100,0.0000
2005-03-18,91.5000,92.2700,89.0900,89.2800,45.6449,25767500,0.0000
2005-03-11,92.3500,93.0000,91.2000,91.5100,46.7850,24562700,0.0000
2005-03-04,92.5300,93.7300,92.2000,92.3700,47.2247,22028900,0.0000
2005-02-25,92.6700,93.5000,91.5500,92.8000,47.4445,18680300,0.0000
2005-02-18,93.1600,94.9700,92.5500,93.2700,47.6848,20002800,0.0000
2005-02-11,94.3500,94.9000,92.3000,93.3000,47.7001,21103700,0.1800
2005-02-04,93.6500,94.7400,93.0000,94.5100,48.2265,19731000,0.0000
2005-01-28,92.7000,93.5900,91.4400,92.8900,47.3999,27667500,0.0000
2005-01-21,93.6500,95.3400,92.2300,92.3800,47.1396,28556000,0.0000
2005-01-14,95.7800,96.2000,93.5500,94.1000,48.0173,26060300,0.0000
2005-01-07,98.9700,99.1000,95.4700,95.7800,48.8746,27415300,0.0000
2004-12-31,97.6900,99.0000,97.3700,98.5800,50.3034,17501200,0.0000
2004-12-23,96.3500,98.0000,96.3500,97.7200,49.8645,18152400,0.0000
2004-12-17,96.8500,98.1500,96.0800,96.2000,49.0889,27720400,0.0000
2004-12-10,96.8800,98.2500,95.7100,96.6700,49.3287,26952800,0.0000
2004-12-03,94.9400,97.6300,94.2400,97.0800,49.5379,29413700,0.0000
2004-11-26,94.3000,95.7900,94.1600,94.7200,48.3337,17298900,0.0000
2004-11-19,95.0800,96.6300,94.2500,94.4500,48.1959,27259900,0.0000
2004-11-12,92.5000,95.5000,92.5000,95.3200,48.6398,28090600,0.1800
2004-11-05,89.3300,93.5200,89.2300,93.2800,47.5073,30762600,0.0000
2004-10-29,87.3600,90.2700,87.3100,89.7500,45.7095,27890400,0.0000
2004-10-22,84.3000,89.7300,84.2900,87.3900,44.5075,39927800,0.0000
2004-10-15,86.7700,87.2000,84.3000,84.8500,43.2139,24456500,0.0000
2004-10-08,87.0000,88.1000,86.5100,86.7100,44.1612,21303400,0.0000
2004-10-01,84.1000,86.9800,83.8800,86.7200,44.1663,22465000,0.0000
2004-09-24,85.4000,86.4300,83.2400,84.4300,43.0000,23167900,0.0000
2004-09-17,87.0000,87.2800,85.4400,85.7400,43.6672,23207800,0.0000
2004-09-10,84.7000,87.0000,84.6000,86.7600,44.1867,17994900,0.0000
2004-09-03,84.5700,85.0900,83.6500,84.3900,42.9796,17286100,0.0000
2004-08-27,85.2300,85.4500,84.3500,84.9400,43.2597,16955800,0.0000
2004-08-20,83.7000,85.3500,83.5100,85.2500,43.4176,21524300,0.0000
2004-08-13,83.4800,84.9900,81.9000,83.9100,42.7352,26196900,0.0000
2004-08-06,86.8700,87.3900,83.4200,83.4800,42.5162,20815300,0.1800
2004-07-30,84.8500,87.4000,84.5100,87.0700,44.2491,22923000,0.0000
2004-07-23,84.5000,87.1100,84.4000,84.8500,43.1209,28063300,0.0000
2004-07-16,84.0000,86.4800,83.4200,84.2800,42.8313,35836700,0.0000
2004-07-09,86.5000,86.7300,83.5100,83.8900,42.6331,26209600,0.0000
2004-07-02,89.7100,89.9000,86.5700,87.0400,44.2339,21510400,0.0000
2004-06-25,90.4000,90.9200,88.9400,89.5500,45.5095,22021500,0.0000
2004-06-18,90.0500,91.2100,89.6200,90.0600,45.7687,22426400,0.0000
2004-06-10,88.7500,90.7500,88.0100,90.4600,45.9719,18366900,0.0000
2004-06-04,88.0900,88.6400,87.3000,87.5600,44.4982,15611800,0.0000
2004-05-28,87.7500,89.0800,86.5500,88.5900,45.0216,20742800,0.0000
2004-05-21,85.3000,88.8800,85.1500,87.1300,44.2796,26694400,0.0000
2004-05-14,87.6000,88.1500,85.1200,86.4100,43.9137,31619400,0.0000
2004-05-07,88.1300,89.7500,87.2012,88.1900,44.8183,25650700,0.1800
2004-04-30,90.7500,91.9900,88.0100,88.1700,44.7171,26790300,0.0000
2004-04-23,91.9000,92.4800,89.7000,91.2800,46.2944,26094200,0.0000
2004-04-16,93.5000,94.3600,91.0400,92.2800,46.8015,31404700,0.0000
2004-04-08,93.9500,94.3900,92.5100,93.1200,47.2276,16201400,0.0000
2004-04-02,92.9900,94.5500,91.3500,94.2000,47.7753,25046900,0.0000
2004-03-26,91.2700,93.2500,90.2800,92.7700,47.0500,27482700,0.0000
2004-03-19,92.6000,93.7900,90.8800,91.6200,46.4668,27477500,0.0000
2004-03-12,96.4900,96.8800,91.1500,93.3000,47.3188,32862500,0.0000
2004-03-05,96.5000,97.6000,95.5600,96.4500,48.9164,21755500,0.0000
2004-02-27,97.4000,97.5100,95.2000,96.5000,48.9418,25680600,0.0000
2004-02-20,99.9900,100.0000,97.1900,97.3100,49.3526,19898100,0.0000
2004-02-13,99.3100,100.3100,98.4100,99.7100,50.5698,20479500,0.0000
2004-02-06,99.1500,100.4300,98.2500,98.9400,50.1793,31683700,0.1600
2004-01-30,97.9000,99.8500,96.5500,99.2300,50.2451,30864500,0.0000
2004-01-23,96.0000,98.2100,95.7300,97.9000,49.5717,25889600,0.0000
2004-01-16,91.2100,95.6500,89.0100,95.3200,48.2653,48592000,0.0000
2004-01-09,92.0000,93.3800,91.0000,91.2100,46.1842,28694600,0.0000
2004-01-02,93.1000,93.7300,91.2000,91.5500,46.3563,18092000,0.0000
2003-12-26,92.8300,93.5000,92.1800,92.9000,47.0399,11178100,0.0000
2003-12-19,93.4300,94.1200,91.8800,93.1400,47.1614,33482600,0.0000
2003-12-12,90.5200,93.1600,90.5200,92.7100,46.9437,30943400,0.0000
2003-12-05,90.9000,91.4800,90.0300,90.6400,45.8956,27735300,0.0000
2003-11-28,89.0300,90.6800,88.9500,90.5400,45.8449,15370200,0.0000
2003-11-21,89.9000,90.1800,88.2300,88.6300,44.8778,25235500,0.0000
2003-11-14,89.5500,91.4800,88.8900,90.2500,45.6981,28880700,0.0000
2003-11-07,89.9000,90.8400,87.7200,88.2600,44.6904,28479700,0.1600
2003-10-31,88.8000,90.7100,88.0500,89.4800,45.2272,28610800,0.0000
2003-10-24,89.3500,89.4000,87.5300,88.4200,44.6914,29376600,0.0000
2003-10-17,93.1000,94.5400,88.6600,89.2300,45.1008,47597600,0.0000
2003-10-10,90.7400,93.6000,90.4000,92.6700,46.8396,27727600,0.0000
2003-10-03,89.2500,91.9500,87.9000,90.6400,45.8135,35612700,0.0000
2003-09-26,92.2400,92.2400,89.0000,89.0500,45.0098,34494900,0.0000
2003-09-19,89.7000,93.4700,88.3900,93.2800,47.1479,42039300,0.0000
2003-09-12,88.4500,89.9700,86.4000,88.7000,44.8329,41601200,0.0000
2003-09-05,82.4000,88.2900,82.3000,86.9500,43.9484,41027800,0.0000
2003-08-29,82.8500,83.0300,81.2700,82.0100,41.4515,24293600,0.0000
2003-08-22,82.0500,84.7200,81.9000,82.9700,41.9367,30615500,0.0000
2003-08-15,80.8700,82.1900,80.2800,81.7900,41.3403,22220100,0.0000
2003-08-08,80.7500,81.3600,78.7300,80.8800,40.8804,30290600,0.1600
2003-08-01,83.6700,83.7000,80.0500,81.2700,40.9952,34886500,0.0000
2003-07-25,83.2000,83.7400,81.5100,83.5500,42.1453,33171000,0.0000
2003-07-18,86.0000,87.0300,82.5000,83.7200,42.2311,45286100,0.0000
2003-07-11,84.8000,86.7500,83.4700,84.8900,42.8213,32242400,0.0000
2003-07-03,83.9000,84.8900,81.4000,83.9500,42.3471,22755900,0.0000
2003-06-27,84.7900,84.7900,82.0900,83.4200,42.0798,27829700,0.0000
2003-06-20,83.1000,85.2900,82.5500,84.9200,42.8364,37484300,0.0000
2003-06-13,80.0000,84.9800,79.8100,82.7500,41.7418,41268000,0.0000
2003-06-06,89.0000,89.0800,79.8400,80.0500,40.3798,69955400,0.0000
2003-05-30,84.5100,88.7000,84.5100,88.0400,44.4103,26786400,0.0000
2003-05-23,88.0500,88.4700,84.8900,85.2600,43.0079,32835800,0.0000
2003-05-16,87.5500,90.4000,87.1000,88.9900,44.8895,38800700,0.0000
2003-05-09,87.2000,88.3400,85.7500,87.5500,44.1631,35257500,0.1600
2003-05-02,84.0500,87.5700,83.6200,87.5700,44.0918,39359000,0.0000
2003-04-25,84.4000,86.0600,82.6000,83.8800,42.2339,36064700,0.0000
2003-04-17,78.5000,84.4000,78.1600,84.2600,42.4252,42212300,0.0000
2003-04-11,82.6000,82.9000,78.1300,78.7500,39.6509,39935800,0.0000
2003-04-04,79.2600,83.4800,78.1200,80.7900,40.6780,46339300,0.0000
2003-03-28,82.4600,84.0000,80.5000,80.8500,40.7082,42576300,0.0000
2003-03-21,78.0000,84.9000,77.8400,84.9000,42.7474,58133300,0.0000
2003-03-14,77.4500,79.4800,73.1700,79.0000,39.7768,48104400,0.0000
2003-03-07,78.9000,79.0000,75.7100,77.9000,39.2229,32954000,0.0000
2003-02-28,79.7000,79.9900,76.7500,77.9500,39.2481,39649300,0.0000
2003-02-21,78.0200,80.0500,77.9100,79.9500,40.2551,26970500,0.0000
2003-02-14,77.1000,78.9700,74.3100,77.4500,38.9963,41674400,0.0000
2003-02-07,78.2000,78.9000,76.2500,77.1000,38.8201,37378500,0.1500
2003-01-31,77.9900,81.3000,77.0200,78.2000,39.2979,42173800,0.0000
2003-01-24,81.3000,81.8500,78.8200,78.9900,39.6949,34478700,0.0000
2003-01-17,88.3100,88.9500,81.1800,81.3000,40.8557,53450200,0.0000
2003-01-10,81.9000,88.0400,81.8100,87.6800,44.0619,50004000,0.0000
2003-01-03,77.0000,81.6500,75.6000,81.6500,41.0316,29764800,0.0000
2002-12-27,79.7500,81.5000,76.6100,77.3600,38.8758,20460800,0.0000
2002-12-20,79.6000,81.7900,78.2400,79.7900,40.0969,36539200,0.0000
2002-12-13,81.0000,82.4800,78.2700,80.0000,40.2025,37355200,0.0000
2002-12-06,88.6000,89.4600,81.0700,82.3200,41.3683,41270300,0.0000
2002-11-29,84.6300,88.1100,83.5200,86.9200,43.6800,28402500,0.0000
2002-11-22,80.8000,85.1700,77.8400,84.4300,42.4287,45101100,0.0000
2002-11-15,77.5900,80.9900,76.7000,80.0100,40.2075,49429400,0.0000
2002-11-08,81.9900,83.8100,77.2000,77.5900,38.9914,52109900,0.1500
2002-11-01,75.1500,80.5000,74.2000,80.4000,40.3293,56125400,0.0000
2002-10-25,73.6500,75.9000,71.7500,74.5600,37.3999,51727300,0.0000
2002-10-18,61.5400,74.2500,61.5400,74.2500,37.2444,72253200,0.0000
2002-10-11,56.6000,63.9200,54.0100,63.9200,32.0628,67066500,0.0000
2002-10-04,59.5500,62.0000,55.7700,56.6000,28.3910,60869200,0.0000
2002-09-27,63.7500,64.8800,59.5500,60.3600,30.2771,59368300,0.0000
2002-09-20,72.0000,73.4500,63.9000,63.9200,32.0628,59733100,0.0000
2002-09-13,72.4500,77.5000,71.3100,72.5000,36.3666,29374700,0.0000
2002-09-06,74.2000,75.0000,71.5000,73.2000,36.7177,24168200,0.0000
2002-08-30,80.4000,80.8900,75.1000,75.3800,37.8112,31535800,0.0000
2002-08-23,79.3500,82.8500,79.0100,80.4000,40.3293,37599000,0.0000
2002-08-16,71.0500,79.9800,70.6100,79.3500,39.8026,42544100,0.0000
2002-08-09,67.9400,74.3000,65.8500,71.8300,36.0305,38896400,0.1500
2002-08-02,70.3700,72.7000,67.1200,67.8800,33.9755,50523500,0.0000
2002-07-26,71.2500,72.1900,65.7000,66.4000,33.2347,64004300,0.0000
2002-07-19,68.4000,74.2000,66.6000,72.0000,36.0376,59368700,0.0000
2002-07-12,73.0000,73.4800,67.5500,69.2100,34.6412,50325700,0.0000
2002-07-05,72.0100,73.9000,67.1600,73.5000,36.7884,37781700,0.0000
2002-06-28,67.2500,73.6200,66.1000,72.0000,36.0376,56342200,0.0000
2002-06-21,76.1800,77.7500,68.1900,68.7500,34.4109,51132700,0.0000
2002-06-14,77.7500,78.8000,73.2500,76.1700,38.1248,45826900,0.0000
2002-06-07,80.7500,80.9500,77.0000,78.3000,39.1909,37678900,0.0000
2002-05-31,82.8000,83.1100,80.2200,80.4500,40.2670,21571900,0.0000
2002-05-24,85.4500,85.4600,82.5200,83.1000,41.5934,25012600,0.0000
2002-05-17,80.2500,86.4900,79.5000,85.6900,42.8898,37347700,0.0000
2002-05-10,81.7000,83.0000,75.9200,79.6800,39.8816,61363200,0.1500
2002-05-03,84.7100,85.2300,81.1100,81.7800,40.8584,42862500,0.0000
2002-04-26,88.9500,89.0800,84.7000,84.7100,42.3223,31976500,0.0000
2002-04-19,86.5000,90.0300,84.0000,89.0000,44.4656,51860900,0.0000
2002-04-12,87.5000,89.9500,83.3400,85.6000,42.7669,110897800,0.0000
2002-04-05,104.0000,104.0000,97.2500,97.2500,48.5874,36348600,0.0000
2002-03-28,105.8000,106.6600,102.3000,104.0000,51.9598,25371800,0.0000
2002-03-22,107.1000,108.6400,104.7000,105.6000,52.7592,25381100,0.0000
2002-03-15,104.3500,108.8500,103.6000,106.7900,53.3537,42307200,0.0000
2002-03-08,103.3500,107.5000,103.1300,105.0900,52.5044,47715500,0.0000
2002-03-01,98.4500,103.1000,95.9900,103.0200,51.4702,51947900,0.0000
2002-02-22,101.5000,101.8000,95.7600,98.4500,49.1870,48524400,0.0000
2002-02-15,105.0000,109.1500,101.7000,102.8900,51.4052,39939500,0.0000
2002-02-08,108.0000,108.5000,102.6100,104.9900,52.4544,35602600,0.1400
2002-02-01,109.5000,110.2100,101.0000,108.0000,53.8875,55992100,0.0000
2002-01-25,114.2500,114.2600,107.0000,109.2800,54.5262,38030400,0.0000
2002-01-18,120.0000,120.5500,112.8100,114.2500,57.0060,50634800,0.0000
2002-01-11,125.0000,126.3900,120.2800,120.3100,60.0297,31815400,0.0000
2002-01-04,122.7500,125.6000,119.8000,125.6000,62.6692,27402400,0.0000
2001-12-28,122.0500,123.9300,121.1000,122.9000,61.3220,13450200,0.0000
2001-12-21,120.1500,124.7000,120.1500,122.0000,60.8729,34859100,0.0000
2001-12-14,120.0000,123.2100,119.4100,121.1000,60.4239,36439000,0.0000
2001-12-07,114.8000,121.9800,113.2100,120.4000,60.0746,45132800,0.0000
2001-11-30,115.9000,116.4000,111.8100,115.5900,57.6746,29636100,0.0000
2001-11-23,114.7000,116.8000,113.0500,115.3500,57.5549,17282200,0.0000
2001-11-16,113.0000,117.0000,112.0500,114.5000,57.1308,36592100,0.0000
2001-11-09,109.9500,115.5600,109.0000,114.0800,56.9212,37385000,0.1400
2001-11-02,110.5000,111.1200,106.9000,109.5000,54.5689,37116500,0.0000
2001-10-26,102.6500,112.1000,101.9000,111.1600,55.3961,43172300,0.0000
2001-10-19,99.8500,106.7000,99.6600,102.6500,51.1552,63537500,0.0000
2001-10-12,98.0300,101.0000,94.9000,100.8400,50.2532,48258400,0.0000
2001-10-05,91.7200,98.8800,91.3400,98.0200,48.8478,46507700,0.0000
2001-09-28,91.8000,96.0000,87.4900,91.7200,45.7083,61809500,0.0000
2001-09-21,93.9000,96.8500,89.5000,90.5000,45.1003,75868900,0.0000
2001-09-10,96.0000,97.4000,95.5900,96.4700,48.0754,10311500,0.0000
2001-09-07,100.1500,103.1300,96.0000,96.5900,48.1352,41322600,0.0000
2001-08-31,106.9900,108.2000,98.8600,99.9500,49.8097,38331400,0.0000
2001-08-24,104.6800,107.8000,101.4000,106.9900,53.3180,33343800,0.0000
2001-08-17,105.0000,106.8500,103.6600,104.5900,52.1220,29688900,0.0000
2001-08-10,107.2500,107.3700,102.7000,104.9500,52.3014,26622100,0.1400
2001-08-03,104.9000,110.0900,104.7600,108.1800,53.8387,25049100,0.0000
2001-07-27,105.7000,106.9500,102.7300,104.7000,52.1068,32638300,0.0000
2001-07-20,108.5300,109.3800,103.0300,105.7000,52.6045,48299000,0.0000
2001-07-13,106.5000,109.3000,101.5600,108.5300,54.0129,45082800,0.0000
2001-07-06,113.5000,115.4000,105.8100,106.5000,53.0026,25362500,0.0000
2001-06-29,113.7500,116.9500,111.1000,113.5000,56.4863,35230300,0.0000
2001-06-22,113.9800,117.2500,111.3600,112.8700,56.1728,33926900,0.0000
2001-06-15,116.3000,118.4700,113.3800,113.6000,56.5361,39520000,0.0000
2001-06-08,113.2500,119.0000,112.8500,116.1000,57.7803,29113600,0.0000
2001-06-01,117.3500,117.5900,111.6400,112.8900,56.1828,27279700,0.0000
2001-05-25,117.9500,119.9000,117.1000,117.8000,58.6263,34172800,0.0000
2001-05-18,111.2000,117.6800,111.0000,117.4400,58.4472,32527500,0.0000
2001-05-11,116.2000,118.9000,110.9600,111.8100,55.6453,37758700,0.1400
2001-05-04,116.4000,118.9500,111.2000,115.8600,57.5924,40113600,0.0000
2001-04-27,114.0100,116.9000,111.6800,116.2000,57.7614,38874700,0.0000
2001-04-20,96.2000,116.4000,95.2000,114.8300,57.0804,77541600,0.0000
2001-04-12,98.5000,101.9400,93.8000,96.2000,47.8196,40874500,0.0000
2001-04-06,97.4500,100.0000,90.0500,97.9500,48.6895,61562900,0.0000
2001-03-30,95.2500,100.0000,93.7500,96.1800,47.8097,52337900,0.0000
2001-03-23,91.0000,94.9900,87.6500,93.5100,46.4825,56911400,0.0000
2001-03-16,97.9000,98.9000,88.2000,90.1000,44.7874,69318700,0.0000
2001-03-09,102.8100,108.4000,97.9000,99.2900,49.3556,46134500,0.0000
2001-03-02,105.8000,107.6500,97.5000,102.3000,50.8519,59912700,0.0000
2001-02-23,114.5500,115.6000,100.2500,104.0000,51.6969,42890800,0.0000
2001-02-16,110.5500,118.6400,110.3000,115.0000,57.1649,36127100,0.0000
2001-02-09,109.4000,118.2000,109.3000,112.0000,55.6736,36346600,0.1300
2001-02-02,112.5000,116.7500,109.6000,110.2700,54.7528,32690400,0.0000
2001-01-26,109.5000,115.2500,107.6200,114.1900,56.6992,40283600,0.0000
2001-01-19,93.7500,113.9400,91.8100,111.2500,55.2394,55406000,0.0000
2001-01-12,93.5000,96.4400,91.2500,93.8100,46.5798,37351000,0.0000
2001-01-05,84.5000,99.7500,83.7500,94.0000,46.6742,44240800,0.0000
2000-12-29,89.0000,89.5600,82.1200,85.0000,42.2054,31039700,0.0000
2000-12-22,88.3700,94.4400,80.0600,89.0000,44.1915,50218000,0.0000
2000-12-15,96.5000,98.2500,87.3100,87.8100,43.6006,41477400,0.0000
2000-12-08,96.0000,104.7500,93.1200,97.0000,48.1638,37530500,0.0000
2000-12-01,100.4400,102.0000,92.2500,95.6200,47.4785,32366400,0.0000
2000-11-24,101.5000,104.3700,98.3100,99.9400,49.6236,22641900,0.0000
2000-11-17,91.8100,102.5000,91.6200,101.9400,50.6166,29453200,0.0000
2000-11-10,99.8700,103.7500,93.0000,93.0000,46.1776,32715700,0.1300
2000-11-03,93.5000,102.6200,90.3100,100.1200,49.6484,39746400,0.0000
2000-10-27,94.7500,95.0000,86.9400,93.6900,46.4598,48790400,0.0000
2000-10-20,111.5000,113.8700,90.2500,94.7500,46.9855,73706800,0.0000
2000-10-13,115.9400,119.3700,103.1200,109.0600,54.0816,38085500,0.0000
2000-10-06,112.6200,119.6200,108.5600,116.0000,57.5231,43940700,0.0000
2000-09-29,124.5000,126.6200,110.2500,112.6200,55.8470,31360800,0.0000
2000-09-22,125.2500,126.6900,120.0000,123.8700,61.4258,22129500,0.0000
2000-09-15,127.8700,129.1900,122.7500,125.0000,61.9861,28000200,0.0000
2000-09-08,132.8100,134.8800,129.3800,129.5000,64.2176,20201600,0.0000
2000-09-01,129.8800,134.9400,129.5600,133.6300,66.2656,30751200,0.0000
2000-08-25,121.0600,129.8800,119.8700,129.0000,63.9697,24522100,0.0000
2000-08-18,120.0000,123.6900,119.3100,120.4400,59.7249,23739400,0.0000
2000-08-11,116.6200,121.8100,115.5600,120.6200,59.8141,29859300,0.1300
2000-08-04,110.5000,116.5000,110.0600,115.8700,57.3959,24015800,0.0000
2000-07-28,114.1200,115.6200,108.8700,111.8100,55.3848,28454700,0.0000
2000-07-21,104.4400,117.8100,101.0000,114.7500,56.8411,52881600,0.0000
2000-07-14,104.6900,105.9400,101.0000,103.9400,51.4864,25072200,0.0000
2000-07-07,108.7500,109.8700,100.0000,105.0600,52.0412,38608400,0.0000
2000-06-30,113.0000,115.7500,108.6200,109.5600,54.2702,32971500,0.0000
2000-06-23,113.5000,120.6900,110.8100,111.8700,55.4145,27864000,0.0000
2000-06-16,119.1200,120.4400,113.2500,113.2500,56.0981,26364000,0.0000
2000-06-09,108.4400,122.3100,108.4400,119.6900,59.2881,37831000,0.0000
2000-06-02,107.7500,111.0000,105.5000,108.8100,53.8987,18535800,0.0000
2000-05-26,106.0000,112.2500,103.4400,106.9400,52.9724,31197000,0.0000
2000-05-19,104.0000,109.2500,102.0000,106.4400,52.7248,29694500,0.0000
2000-05-12,108.0600,110.6200,102.0600,104.4400,51.7341,33410400,0.1300
2000-05-05,112.5000,113.6200,106.5000,107.8700,53.3699,22151300,0.0000
2000-04-28,102.0000,113.9400,101.2500,111.5000,55.1659,35488400,0.0000
2000-04-20,103.8700,115.1200,102.0600,104.0000,51.4552,43482800,0.0000
2000-04-14,124.7500,125.3700,102.8700,105.0000,51.9499,42149600,0.0000
2000-04-07,120.0000,128.0000,115.0600,123.1200,60.9150,47344000,0.0000
2000-03-31,125.0000,128.2500,117.0600,118.3700,58.5649,44498000,0.0000
2000-03-24,110.0000,122.2500,109.9400,120.6200,59.6781,38090900,0.0000
2000-03-17,104.0000,111.6900,102.5000,110.0000,54.4237,36990400,0.0000
2000-03-10,109.9400,111.0000,101.0000,105.2500,52.0736,42586200,0.0000
2000-03-03,104.6200,110.0000,99.5000,108.0000,53.4342,51128300,0.0000
2000-02-25,112.0000,113.4400,104.9400,108.0000,53.4342,34514300,0.0000
2000-02-18,116.0000,118.8700,111.5000,112.5000,55.6606,26599300,0.0000
2000-02-11,116.0000,119.7500,113.1200,115.3700,57.0806,26814500,0.1200
2000-02-04,111.3700,118.4400,109.1200,115.6200,57.1466,32834200,0.0000
2000-01-28,121.8700,122.8700,110.0600,111.5600,55.1399,33325200,0.0000
2000-01-21,119.6900,124.7500,112.6900,121.5000,60.0528,41930500,0.0000
2000-01-14,117.2500,123.3100,115.3700,119.6200,59.1236,42663900,0.0000
2000-01-07,112.4400,119.7500,110.6200,113.5000,56.0987,51137300,0.0000
1999-12-31,109.6900,110.7500,106.6200,107.8700,53.3160,16812500,0.0000
1999-12-23,109.0600,110.4400,107.7500,108.6200,53.6867,18144100,0.0000
1999-12-17,108.1200,112.7500,104.5000,110.0000,54.3688,38810100,0.0000
1999-12-10,113.0000,122.1200,107.5600,109.0000,53.8746,58626000,0.0000
1999-12-03,104.9400,112.8700,102.1200,111.8700,55.2931,37670000,0.0000
1999-11-26,105.5000,109.8700,101.8100,105.0000,51.8975,37165600,0.0000
1999-11-19,96.0000,105.1200,92.6200,103.9400,51.3736,61550800,0.0000
1999-11-12,90.5000,97.5000,90.5000,95.8700,47.3849,43569700,0.1200
